State,1,2,3,4,5,6,7,8,9,10,11,12,13,14,15,16,17,18,19,20,21,22,23,24,25,26,27,28,29,30,31,32,33,34,35,36,37,38,39,40,41,42,43,44,45,46,47,48,49,50,51,52
"(0, 0)",2905013.0892413063,5585268.41883609,5481229.242670749,5383969.402125946,5349270.301927651,5188509.445407874,4984858.498539608,4854094.482798526,4683796.396030001,4597853.388896646,4395294.534452213,4202696.894458871,4065391.45584454,3945068.9976806566,3764433.8746805275,3565670.007259303,3430482.189313572,3344124.029899302,3190431.338875154,3119614.9746209406,2987013.869996316,2871084.8350839973,2739941.108101678,2547807.5989800175,2340676.8977882206,2173491.602289976,2050902.2231280473,1882155.6549140594,1699755.7900657584,1544083.6028940224,1422071.1511692258,1268867.6624754549,1138905.3513820786,1037882.4251176523,965784.1245229574,886426.0483059458,817855.5105902448,793220.8294064307,799121.5969587575,777768.0386165823,725811.9519147968,737227.8067852334,717582.9873849911,696669.6698932387,667577.0546420526,656081.2457106303,573855.6974050466,513355.97277290386,427599.1942996783,336235.8320575669,218683.95069698212,122135.00923855724
"(0, 4)",2905013.0892413063,5395510.840435942,5295202.062877885,5199924.030475488,5163979.162410518,5003188.277172702,4800364.692855842,4668117.352396002,4496356.880903205,4407560.785094691,4204038.495338621,4009924.108940758,3871437.152789352,3745216.8897546143,3561858.730126819,3367164.43104288,3236301.7253504945,3151553.831332867,3000332.474724661,2927670.6445638193,2797316.8433964946,2689080.3297418114,2565769.982933048,2380528.528122723,2176778.4862851677,2011004.1395289674,1888234.6173348199,1721095.5802697116,1542977.5940755843,1389264.911406334,1266933.4687036418,1114883.4730694091,987875.4243747287,895794.2013708411,828179.0041216954,751223.2825531559,689414.1919429502,668660.9006769083,674841.1639628934,653383.9686937795,601549.8721050269,610885.7228715797,587461.7667237908,557208.809339167,525509.4037970713,512600.8205209969,432721.1774655604,374653.34788182506,293778.4350620325,209310.94475285808,115844.28644476086,15383.232314666704
"(0, 8)",2905013.0892413063,5211738.194567367,5112313.031616614,5016792.337226426,4980219.015659686,4819452.02164569,4616825.431687517,4484177.648506398,4310967.185534566,4219312.500793478,4015846.7651347765,3825343.9098584526,3691050.255828193,3567557.829209929,3386875.8624661714,3195214.9881357676,3065612.500760004,2980942.726241627,2830020.4053255394,2755682.143769385,2624995.1966302125,2519743.4933793633,2401294.391217204,2219958.8258458343,2020128.6974394124,1856424.548893155,1735434.4879627482,1570222.8163807332,1393547.2328867065,1244216.47732925,1124061.7937228647,974654.9313851877,854916.9708527628,768081.8562746666,702301.3185913337,626670.735419446,571416.7814235718,553278.9244706514,558722.9615359029,538015.5386803438,488277.9572250829,496532.2719881233,472518.4441799539,442607.4225935171,406321.00197615044,387993.5257852248,308399.3293322155,251155.83737816205,180079.154132567,117594.52616122915,46006.30442961266,0.0
"(0, 12)",2905013.0892413063,5030440.72896958,4931510.704060858,4835701.877397761,4798266.752038939,4637723.4400827335,4435620.509175013,4302327.184711767,4130490.7080933996,4045892.8331594383,3847490.031711714,3658573.0961498544,3524448.148671734,3400103.589676009,3219117.393765854,3027651.654621308,2898934.070221102,2814119.566341173,2663272.469623299,2588061.520030173,2457391.5188973984,2356063.2247741446,2240641.0472128326,2068526.133947642,1869411.0296436169,1708310.7057434642,1589378.989886504,1428251.8699058634,1261807.96139437,1114843.2772170757,994725.0450767258,846189.0967862336,728442.8766478079,646118.1096812724,584631.7583522152,512992.9403620019,464564.0227444714,451156.8062671955,458192.6546856814,442754.70716388465,395813.0451808759,400965.64505282475,373202.36342906434,338358.5794831434,297806.09154405334,271514.4018998705,199640.01124097762,150337.08586473958,95860.60683637839,47033.39011348155,0.0,0.0
"(0, 16)",2905013.0892413063,4852276.530455039,4753683.735367159,4655673.429797085,4618250.933569258,4458920.861753129,4260851.114946298,4133610.932101821,3967424.875503658,3882679.5358038307,3683922.1350752832,3494679.3621418364,3360339.3751563146,3235236.846058613,3053726.2490303065,2862946.6745345085,2735366.934764072,2650521.6595143033,2500254.292681859,2424291.1980012776,2295160.563094954,2196680.104252919,2087845.2781547755,1919859.654691163,1730244.7685398061,1571775.512252803,1452446.6730686987,1294979.0283289258,1133197.8777661808,988574.4293000577,868165.8049091494,720823.51446856,609017.1195200362,533427.082706855,477392.4931701647,414924.92420259246,374769.03669038444,363847.9450229328,370255.450298549,354450.5188487388,308978.21655796573,312652.5028483387,283956.45395786094,248386.85473020788,199312.89292124452,169128.58140419872,110861.20124620377,72230.57219702918,29446.72190506999,0.0,0.0,0.0
"(0, 20)",2905013.0892413063,4675240.592076652,4578316.516701652,4484812.3739871625,4453519.372344008,4297179.274983411,4099105.482116805,3971867.0436799973,3805653.640038868,3720541.828988485,3521682.695592071,3332274.3578461544,3198210.5766884736,3072897.8153691925,2891035.332996612,2701024.3323120214,2574950.2279319847,2490260.593793318,2340750.817253401,2265686.947561457,2138490.020073866,2043459.517149786,1939480.722046354,1779456.3797606546,1594808.9099177597,1438238.721362537,1320491.7244081455,1165574.1011589211,1007019.4922244756,865124.0948130576,745836.4559591919,602260.9791095691,499917.7360599177,432579.630850429,385577.16887090635,329805.2184102336,292762.9307283169,281976.0555592426,287516.3240464915,272323.29197677696,228282.6252881315,229234.81368999835,199960.62209212797,163960.07587639595,116373.29017869398,88741.29021734091,47201.66172770494,18291.338141140543,0.0,0.0,0.0,0.0
"(9, 0)",2905013.0892413063,5158622.038270742,5065810.243897915,4975184.712948311,4938393.340406741,4776324.930871778,4575942.540456869,4443326.061100518,4269914.664899757,4174919.8255169704,3969945.6895953417,3775087.725583192,3637544.5763619533,3508865.770122902,3322440.171497776,3129644.330275418,3001494.8483830434,2913329.6056458345,2761345.979566171,2683187.2359816907,2553839.446119399,2458161.9063163637,2341046.2291635866,2167446.496086878,1974913.50386943,1811859.1803091061,1689201.3925451082,1517958.6434263014,1351244.6851779344,1200147.8532791394,1076193.291140813,922933.0445819639,794499.2199335776,714974.2827496224,656782.3330815828,584820.7153539263,535217.3557722264,520845.48953452904,526789.4172694387,508013.975110323,456977.6204663104,462728.4627995966,436493.8768858892,403864.71026097477,363305.270646698,337042.41828076623,260388.17807168775,206778.31318275607,137634.97872533643,79788.81979650812,20504.835495414598,0.0
"(9, 4)",2905013.0892413063,4976831.499207467,4886441.112411463,4792558.50298047,4755535.942745129,4592973.7010358125,4393030.598993326,4260129.007302937,4086521.56306618,3991239.800438945,3786286.025298645,3591497.815310237,3453964.284724337,3325466.905600779,3139289.6416209303,2946621.6845804,2819185.71259831,2731530.42138015,2582032.724914211,2505293.7392258313,2380989.015743916,2288413.1955761863,2176206.6299873977,2005448.2153829325,1814245.6853224777,1651992.1282812834,1528439.2745888103,1366373.6086789002,1200545.4267075132,1051833.6103649717,928929.3558491186,778400.8060930931,666305.3652573248,592750.0786461763,535758.4658574044,469655.06864820124,425107.26701159624,411781.60630750115,417798.4763089822,398765.12683020957,349390.5148015403,353898.6415495686,324846.3749051174,289042.33307719807,240003.50041705286,208629.6307678066,143212.02209117045,99278.65867389317,54514.04200601145,14862.317534014708,0.0,0.0
"(9, 8)",2905013.0892413063,4798930.907694201,4708589.273298913,4611645.896942707,4573939.46993777,4411431.277239467,4212210.129066174,4078884.296582699,3904909.5175987906,3808507.6107297475,3603764.854246861,3409250.8153609172,3272151.9088955014,3144334.7435721187,2958696.1654871553,2767217.7824534625,2643424.1209359867,2558626.1717811483,2413373.1574862977,2338833.5264118067,2216660.282618482,2124556.3671396347,2014723.2311853878,1847336.6410294655,1660064.2279247958,1499430.2798143465,1377117.3653800865,1217465.837477957,1058599.2867350278,914785.4040316362,794547.7997048346,650640.7067720843,545880.8513693515,477325.4173579159,426472.7408844231,365176.6822785089,324685.7410609264,313093.29506951675,317784.7292839883,301685.71144516417,257180.17926165072,258896.23484531636,229327.38502183248,193642.06869369853,145244.51808036372,115475.4294747994,66989.09137363927,34315.70363275767,7093.212438579593,0.0,0.0,0.0
"(9, 12)",2905013.0892413063,4622141.033977399,4534890.956459543,4431615.717861608,4393909.29085667,4231435.898889797,4032897.4718160713,3899190.3904004404,3724923.7441277998,3627927.1009686785,3424587.834328261,3233629.184682195,3099253.598285389,2973578.0501339175,2790827.483037375,2602033.7022667094,2479334.3308296287,2394545.191565082,2249822.53500893,2175709.6966183446,2054989.1513726455,1964749.1541269938,1862603.48335375,1696522.0227633535,1509913.9515680282,1355411.6977571573,1238030.5862658718,1085754.3770761488,928701.4958292656,789865.0529231176,671533.4329152771,533496.3674207045,437431.6134389782,376674.60071851243,332359.2331263921,279222.6500699412,243784.72890606997,234017.03910186206,238568.14195239934,223044.78492429844,181165.59436944706,180356.4744989726,150722.02321235446,115131.9896721666,74223.64208070406,50893.29144065771,20688.64026732931,3845.623024295716,0.0,0.0,0.0,0.0
"(9, 16)",2905013.0892413063,4446072.375021605,4362479.085311725,4251826.337716193,4213879.1117755715,4053017.878889861,3854507.183304332,3722561.6416345215,3553527.2045810446,3463066.611871411,3262530.1136856647,3071791.9585067625,2937593.4552015816,2811863.107875643,2629362.139175213,2440656.1060871007,2317897.497689932,2234358.792794095,2090918.0173651625,2018069.18730945,1899710.8124582283,1811915.6863415644,1713320.2963792116,1557960.038156534,1378948.1585818497,1226499.6122263656,1110446.5060143408,959887.2316803172,806549.2001600957,670787.4224448611,557791.9143363808,432066.77680782264,349790.2003042713,294727.73509298253,253885.29417733112,205472.27505761143,173906.28938215686,164485.4483841267,167987.18555844302,153208.13244927156,115045.53634227859,110131.3080503577,82458.56471219851,52505.49712659341,26938.839629131824,12904.617908643551,2204.539129137539,0.0,0.0,0.0,0.0,0.0
"(9, 20)",2905013.0892413063,4272127.200263937,4191566.090740805,4077777.2796926918,4042587.8678602674,3885921.146599577,3689694.271289776,3560737.5872230874,3391948.2195546227,3301643.8889861736,3101444.775143257,2911509.5243745428,2778200.0591966556,2653522.7777763177,2472034.0530629,2285112.134930051,2163857.506159061,2081401.6497983665,1940365.1157408387,1868644.884807604,1753628.0663872287,1668262.219637765,1574660.1956819298,1425933.46202529,1250004.2600547213,1099827.7193225943,984587.7309066448,836558.4543592699,687192.1138976899,559296.3369723068,453537.38123416604,344712.6446485965,270066.9158878344,219310.36620225356,182933.0835390309,140945.66229071302,114003.33527012538,105536.90502671323,107575.98230375955,94266.21556373037,63376.48143082983,54122.21039723543,32504.51468212367,15932.11555918492,4814.577159180182,1211.2580880130015,0.0,0.0,0.0,0.0,0.0,0.0
"(18, 0)",2905013.0892413063,4760755.287979721,4675890.845700256,4568375.276352984,4531250.926589183,4369435.885819787,4169693.0829671486,4036624.859842947,3862958.8860394517,3767265.42629443,3562390.5817034715,3367719.816508776,3230442.501990879,3102090.8364153327,2915916.2711445293,2723644.1563991653,2597248.6242715684,2511166.7117169374,2365762.6352943596,2291164.8159998744,2168001.7132515283,2075239.4585358805,1971591.437532787,1807207.7305766616,1618090.9685619562,1458245.9261884142,1336834.3059943488,1178166.6858598203,1012680.8622278335,867670.5060947757,747747.6447204989,615035.5634028309,516414.68338540354,449376.61565195647,398141.83589177986,337379.14656251855,296368.14000089763,283834.0670030152,287352.4391654315,269861.7454302256,224397.17437315028,223792.7263453072,192593.8397148973,156286.7266331261,108223.46563729286,79920.61773407573,42094.514065563184,18071.042077859904,2229.395613809361,0.0,0.0,0.0
"(18, 4)",2905013.0892413063,4584951.191797754,4503478.9745524395,4388289.629405601,4349908.927602973,4188302.4628205276,3989817.6069279527,3856096.6789469123,3681980.255843642,3584925.69564341,3380366.7202845663,3186057.3139806786,3048990.634149693,2921363.0970822573,2736261.8941572793,2546229.2609674498,2423115.02305471,2338733.813424309,2196170.7007372985,2122518.2294675023,2001360.5868689292,1910223.6509619518,1808024.8184208157,1648445.8448948741,1464447.8683417554,1307100.1951874127,1186132.440410412,1028686.1863161146,870444.5815906819,735336.0518441607,624898.6404768017,497254.63640109857,406892.9138043275,344173.1244501007,297647.8897726387,242189.08594335624,206620.42680829362,195508.70373663987,199144.89983159475,183887.22911057645,141920.61424357988,137875.6963184463,107942.24071534238,74592.14018249334,42418.02836122348,25912.492684542878,8312.314385504566,662.822972473083,0.0,0.0,0.0,0.0
"(18, 8)",2905013.0892413063,4411478.756347412,4331067.103404621,4211259.913842538,4169878.7485218733,4009173.9676018455,3812752.054719611,3678088.9049012074,3503288.378603139,3405310.5098601496,3201184.880112822,3007310.351503455,2870896.9037187593,2743876.5006092875,2560140.1591629884,2375103.946060146,2256384.105767929,2173713.2655163095,2032448.5560809965,1959814.062325929,1840479.4582845892,1750869.453543231,1652235.0053856769,1495001.1149075541,1313804.384210131,1160196.1125616606,1042507.5943136297,890096.7163879046,738897.4497370634,612271.5898798732,506874.2650475738,388826.0785599374,305740.73966661526,248495.60137285068,208697.0397379621,163888.50920054602,134971.56006666087,126757.42560099557,128941.45483717215,114720.02262347548,80828.90633540595,73860.45507544387,49496.804079386355,27242.243399112096,10872.59974504881,4014.075074274476,268.93556894241556,0.0,0.0,0.0,0.0,0.0
"(18, 12)",2905013.0892413063,4239066.885199595,4158655.2322568037,4035103.112869869,3991038.6192556424,3832256.7503512977,3638448.2893917398,3503517.8472198336,3326088.3730605203,3227422.926014367,3023830.3921322934,2830885.701467642,2695789.610657361,2572594.7835012507,2393271.0394785004,2211325.967830913,2093764.4042010694,2012425.6354190917,1873195.6365220272,1801774.992367811,1685001.1504643336,1598600.6264168613,1500892.3994994897,1346018.65065614,1171992.9343678069,1021961.0364087166,906795.8098486646,762416.5728807726,618094.191100199,495460.4602123201,398245.8419854025,293435.39482554764,223070.9729359731,176823.01860074123,143477.02354809805,106379.62298167139,83071.6164953598,75929.18787448571,77076.4117638294,64769.10825123564,39315.91147609784,29241.645198187023,15778.182361595635,4979.519854147137,1099.8879777003347,148.93364263924522,0.0,0.0,0.0,0.0,0.0,0.0
"(18, 16)",2905013.0892413063,4067059.360819751,3986892.6929970398,3863310.2493824447,3815948.475996359,3659913.222982508,3468806.590443616,3334546.363594503,3152943.5464712256,3056500.373921809,2855574.8539150776,2664923.614311848,2531880.2489210884,2409037.411495168,2230645.0276643485,2051032.856685991,1934431.0381714967,1854408.900559745,1717982.7550742528,1648595.6528017207,1535363.9642862007,1452484.3030063093,1359476.0947978972,1215839.038319629,1044486.2488775518,897919.4609558344,785158.0478173784,644982.7617962416,508824.092304423,397632.4761182243,312147.81547482964,218839.42141489676,156670.40849210965,116940.82173530599,89866.7718452191,61535.32869120708,44489.892752709755,38838.359417794934,38608.88008733939,28644.04176667872,14229.959859120412,6909.03744598794,1840.4546456152718,226.54820359310173,19.525327217433006,0.0,0.0,0.0,0.0,0.0,0.0,0.0
"(18, 20)",2905013.0892413063,3899899.432138833,3820247.663202184,3697652.750324074,3650114.1795964977,3494791.9372932976,3303683.337168634,3169440.9687781874,2990162.4715591054,2894140.865748043,2694419.802681464,2504992.13372937,2372991.144256696,2251133.686539101,2072217.1732551008,1892935.5348476474,1780802.9963973681,1703811.0060782798,1573377.1262686155,1507745.8022975617,1399960.6415223344,1320211.5784198493,1230891.1263389862,1089325.9400473838,920784.2426300372,777534.8621747018,667109.5231534366,534413.2439474997,411157.6730717326,313716.4841187841,235139.40473204022,153084.89300577226,100813.76584996581,68831.03222023502,49996.46116203444,30503.818529075867,19446.543712662897,15745.969673007174,15055.25722327013,9534.56362719496,2440.1165254424764,718.8714166055794,63.451695925658576,0.0,0.0,0.0,0.0,0.0,0.0,0.0,0.0,0.0
"(27, 0)",2905013.0892413063,4380066.774440309,4299655.1214975165,4175546.767890405,4129177.4720605547,3972704.741304437,3779220.0995672285,3644406.964539678,3460026.567856756,3362337.574560164,3157893.7706145756,2964032.8723659543,2827576.9925402626,2700990.7924619177,2517810.0175889432,2331584.386483225,2211212.2031683004,2128177.9050946264,1986808.2232731692,1914142.0657633082,1797267.5453377098,1709500.5379994407,1609861.70892782,1457253.1365922254,1276121.944807298,1119142.847243061,997924.6271709271,846346.7400835988,705956.0151220137,582802.4608237625,478859.01127624547,362154.62419019715,279860.6413747372,224434.9074437255,184862.37300493947,140222.19783952984,111745.0088438938,102540.0288463425,104395.94177699073,87940.7057624303,57948.40591905008,48601.25988082336,26416.4983585594,13851.614124704409,5350.090642879982,1747.4255456583767,0.0,0.0,0.0,0.0,0.0,0.0
"(27, 4)",2905013.0892413063,4207654.903292492,4127243.250349699,4003134.8967425874,3956566.885473696,3800292.8701566188,3606808.228419411,3471995.093391861,3282936.337916527,3184102.2005765736,2980459.4023673027,2787249.3959191497,2651889.4547417117,2526626.295640374,2345399.55602125,2161508.766191658,2042889.7773326244,1960926.190173036,1822735.73402892,1751720.0389816638,1636691.0875349822,1551150.1466957189,1455758.3819108263,1306243.9942219437,1125965.346482015,972724.1340471568,855449.277294923,718843.0620122267,584515.1348373028,467620.799062356,371179.1576982283,263842.33032376925,191195.49548979153,145139.76515376536,112549.88776515084,78291.25554078168,57966.06606955653,51852.855795208714,52192.48047799545,40884.158365758136,21032.749815527695,14657.189300224516,6341.537967095968,1584.8506744520332,287.0717579145818,22.914727397523528,0.0,0.0,0.0,0.0,0.0,0.0
"(27, 8)",2905013.0892413063,4035243.032144673,3954831.3792018807,3830723.0255947695,3784155.014325878,3627880.9990088018,3434396.357271593,3299583.2222440424,3107760.2268302813,3007922.243504937,2805202.1156353923,2613152.5259279944,2479445.774396782,2356817.9179582936,2179141.045800306,1997774.2004737717,1880528.1544361548,1800315.3072613156,1664621.9071172506,1594990.3805931923,1482686.7812263197,1398854.564870332,1305101.1196081922,1156967.2216442868,983760.3550789338,836871.1767926369,726377.3509165117,596415.5807266317,469478.52109531034,360990.34290471394,272409.0095659943,178027.49664970077,120453.55233550878,86454.09221674637,63672.29644039782,40812.16578908551,27641.03354470848,23364.15340208262,22493.072037334794,15356.274399985714,5905.779156139532,2161.309908833774,552.6607487230547,25.120765528470336,0.0,0.0,0.0,0.0,0.0,0.0,0.0,0.0
"(27, 12)",2905013.0892413063,3862983.860155236,3782419.5080540637,3658721.855261716,3611743.1431780597,3455469.1278609834,3263071.47957348,3128811.157875062,2935479.8029733365,2834540.836716273,2635163.693312848,2445047.92303098,2314560.8993138047,2192978.6256169006,2016342.3297074996,1837645.8430868045,1722570.8726936071,1643859.5088593357,1511907.0593650674,1442968.0341197771,1333143.6563101618,1250759.660898537,1159626.1805857357,1017414.210684189,847393.6820900217,707610.7650960714,603847.124264064,480710.2801367106,362889.4065216596,265148.61843051447,191788.07188248867,117263.47634201376,72352.2847589439,47899.24126890335,32227.890412223147,17878.770197183516,10485.650956365305,8024.699667943269,7411.566483701512,3422.831199364083,925.9084345111332,57.50850769727349,0.0,0.0,0.0,0.0,0.0,0.0,0.0,0.0,0.0,0.0
"(27, 16)",2905013.0892413063,3694118.9048923617,3614490.138592474,3491893.6754865646,3444365.6375279664,3289041.0994845787,3097934.4669456864,2963674.2400965737,2766439.819622132,2666591.91507395,2470043.4453761023,2281693.2693214836,2152110.352125349,2032143.5578103096,1857164.7940051216,1681834.687817046,1569729.2981611066,1495100.1474866397,1365645.7643715057,1298441.8166852745,1190602.4971790598,1113066.766132356,1026117.9479263658,888207.5985788216,725901.835064,591502.5258002725,490568.6744101107,377830.51707767247,275834.69368397695,193594.6931323136,130017.52506040416,70296.90467483725,38457.81791688103,22323.689974672714,13280.47934111001,6087.595160393297,2823.5632950583495,1686.4429778504975,1069.430416362322,443.5808373164924,25.923233918315827,0.0,0.0,0.0,0.0,0.0,0.0,0.0,0.0,0.0,0.0,0.0
"(27, 20)",2905013.0892413063,3529027.3086409033,3449375.539704255,3326780.6268261457,3279242.0560985683,3123919.813795368,2932811.2136707045,2798556.6744587095,2602416.8281816817,2503508.0922648413,2307584.66500877,2121247.9131946014,1992735.8048608054,1873243.8269236025,1701206.3725953274,1529509.949309533,1425110.9941630985,1354086.2493416846,1228764.4059492734,1166786.8584458386,1064552.7333687907,988230.1506630838,902561.1568099785,767085.9469636987,609747.1705464545,486647.27808687865,395198.59394041536,295201.1819701842,203718.4985045439,132027.41133543133,79830.92287590243,37089.68398759142,16882.810091607615,8236.246201415739,4064.5357186206443,1446.258026375406,448.14244908072016,206.13295704429598,108.48009599912075,11.619923890842419,0.0,0.0,0.0,0.0,0.0,0.0,0.0,0.0,0.0,0.0,0.0,0.0
"(36, 0)",2905013.0892413063,4003831.0502375676,3923419.397294777,3799311.043687665,3752743.0324187726,3596469.0171016976,3402984.3753644885,3268171.240336938,3069674.262965254,2969982.167736678,2771581.485947839,2574647.6626714924,2437425.0749006816,2314207.946281264,2135655.341619714,1953577.6998512135,1840174.6218949114,1770467.0486270194,1636216.8294949408,1567492.403984982,1452222.9505293537,1361876.3727155484,1267873.255383782,1118704.173430468,941766.1685299699,800649.6092346979,695541.3063110991,567158.4976901623,441804.4354160985,335155.57425084215,248040.97589324508,157824.08619208774,98745.74642536996,64151.57189651429,44930.51951544298,26322.942155883415,16360.764877878857,13366.404062036283,12392.239863600535,7280.677227497406,2176.5220505910293,926.6777859845773,36.26994478064885,0.0,0.0,0.0,0.0,0.0,0.0,0.0,0.0,0.0
"(36, 4)",2905013.0892413063,3831419.17908975,3751007.5261469586,3626899.1725398474,3580331.161270956,3424057.14595388,3230572.5042166705,3095759.36918912,2897259.657363502,2797570.2965888605,2599169.614800021,2402211.247880897,2266041.7016191958,2143732.434716965,1966034.9286157526,1787822.1891911656,1678283.8599735268,1605697.8791367589,1475785.3661364256,1407627.4813900846,1297895.70918971,1211059.5855424828,1117910.3326260007,971032.0846951613,807495.5630860121,675918.9327670704,574386.7230959117,453007.05338292307,336908.09577483975,239674.32418414572,164427.49065683046,88719.30651121735,49787.31256503594,30814.107113809827,19326.98179181802,9645.56051361217,5080.347659184228,3637.700937929042,2803.1084908948005,1212.9519314007794,285.64566742908136,3.5940567696158725,0.0,0.0,0.0,0.0,0.0,0.0,0.0,0.0,0.0,0.0
"(36, 8)",2905013.0892413063,3659007.307941933,3578595.6549991416,3454487.30139203,3407919.290123137,3251645.274806062,3058257.440157287,2923520.308541419,2725838.651599148,2625898.516305522,2429428.4875934063,2234798.6467196033,2100965.719445315,1979383.4457484123,1804663.1052606546,1635042.0408185073,1531821.0263646948,1463524.614935629,1333597.2807913194,1266174.0206551093,1154073.6775933313,1065359.08683164,973531.9085993422,835315.3451469421,682605.3024654894,556094.7954519452,459849.76571195247,347421.6417724447,241611.12380736083,157629.36796404477,97513.66598443959,48108.03051492616,23835.031512171376,12769.209747047187,6915.614356206919,2750.6015489238644,1107.485627384672,566.1235123027747,440.0442231346942,96.01777688881305,1.0725002185933135,0.0,0.0,0.0,0.0,0.0,0.0,0.0,0.0,0.0,0.0,0.0
"(36, 12)",2905013.0892413063,3488719.014664767,3408754.932873033,3286158.4697671244,3238630.4318085248,3083305.893765139,2892199.2612262443,2757939.0343771316,2560528.5741834436,2460761.5618636603,2264291.569814918,2072845.7597074625,1938685.2360470481,1819044.8335990042,1648781.961736403,1490626.1406487483,1391394.7886648378,1323637.869546278,1193796.0082014126,1126287.275265758,1015431.3130464498,927393.6903098676,838548.9021609614,707723.185160374,569245.7093519574,443286.5813808291,353898.04236622795,251221.34907202626,162845.43884967073,99571.40583157694,56066.054690871875,22839.74663362618,9117.245117849814,4026.273282301806,1787.3719155156582,519.6077919666744,135.7444035128661,52.91537428510278,8.40402268703085,0.4870158122409293,0.0,0.0,0.0,0.0,0.0,0.0,0.0,0.0,0.0,0.0,0.0,0.0
"(36, 16)",2905013.0892413063,3323246.781394432,3243618.0150945443,3121021.5519886357,3073493.5140300365,2918168.9759866497,2727062.343447756,2592802.1165986434,2395733.945747355,2295699.3221444376,2101298.6554995305,1911713.5365408869,1780331.611593349,1662874.9544311808,1500577.7251205253,1350741.2560851069,1251566.2376908169,1184018.2486086225,1055762.9578894768,989642.2815368816,883800.1470620263,796262.6561033176,712903.9934533334,591188.3291999823,461329.7681120591,339831.60256737645,262057.05623606808,179123.10747241473,107200.64667124904,57980.41755073776,27943.953625704347,8715.606343733865,2687.807722443996,898.511276242285,292.0934040699311,54.76736075616434,8.795233885621302,0.5123309415985418,0.012105564034859384,0.0,0.0,0.0,0.0,0.0,0.0,0.0,0.0,0.0,0.0,0.0,0.0,0.0
"(36, 20)",2905013.0892413063,3158521.6217898736,3079083.242673909,2955917.950136075,2908369.932600639,2753047.6902974397,2563440.6522038123,2431190.7756073126,2233062.2218217244,2134089.127886586,1943201.6505572584,1753749.6933586267,1625294.4898954746,1511503.7478384024,1359682.423622278,1211143.7615795261,1113097.1190585024,1046971.264202184,923409.1964371142,860695.144032095,759708.7247379946,678105.4591835251,596378.1768798515,483252.95530133706,355756.77017701324,259649.76690768154,191755.12709336763,119998.5028917131,63294.70060957904,29511.148381845145,11483.518625403023,2570.11495021066,520.3864524167979,116.81295890000703,27.0813860515403,2.221312733700655,0.07158834234049465,0.0,0.0,0.0,0.0,0.0,0.0,0.0,0.0,0.0,0.0,0.0,0.0,0.0,0.0,0.0
"(45, 0)",2905013.0892413063,3649894.46170164,3564925.3563439944,3459385.264154248,3379084.1909508994,3220901.5560377697,3030247.5607662746,2892824.7086154544,2717624.1278111944,2593800.937766248,2395442.7585718795,2206802.2477788064,2067937.6923931998,1936830.8309260714,1776937.7263512283,1622748.6274452214,1522091.1362539753,1451383.8466124232,1331314.8913636464,1255734.9307582318,1146006.4378174986,1054925.6206445876,942131.9510672506,805231.6936825017,663850.581944028,540919.7586669698,432479.97664192365,321816.78058282286,218375.70443614162,138725.25922823985,78326.1867641724,32087.388379136602,14148.920322450973,6937.105413920617,3416.256521732109,1204.9304329176261,485.9425058401259,262.84485509871735,137.130449100897,5.301064258447383,0.0,0.0,0.0,0.0,0.0,0.0,0.0,0.0,0.0,0.0,0.0,0.0
"(45, 4)",2905013.0892413063,3477482.5905538215,3392513.485196178,3286973.39300643,3206672.3198030824,3048489.684889952,2857835.689618457,2720412.837467637,2545212.2566633774,2421389.0666184304,2223717.600017201,2036699.9948456702,1900173.7744261834,1772428.30089686,1613247.934091212,1462834.324572786,1365405.8580775645,1295846.0534703152,1179588.0844016862,1105556.752320685,999000.4334784528,910821.0213476823,805914.3285627812,678314.4063985592,542330.6832457931,428429.38351695484,328168.01797842217,227877.0094314078,139856.19022543024,75039.25908412861,37656.59205490626,13140.219210791041,4495.894425745407,1783.5415157217037,704.875516840345,183.62982757066044,44.98327091997722,3.073205997453564,0.4441885219682855,0.0,0.0,0.0,0.0,0.0,0.0,0.0,0.0,0.0,0.0,0.0,0.0,0.0
"(45, 8)",2905013.0892413063,3306114.6471594735,3220974.9400067143,3115647.047252505,3035110.7589680445,2878229.42445323,2689582.619050697,2552928.4543677038,2378365.0102868895,2255041.114996009,2058959.7076304671,1875968.390450275,1742976.4847215253,1621898.3565329392,1471718.7520070947,1322947.5791834344,1225520.8348038904,1156013.019849421,1040265.8233244173,967003.1499239265,864098.3095474055,781530.1728090368,682757.3588876206,564679.8623101262,434336.38884621783,324556.9777270196,233694.7108884091,147052.5195363906,78344.69444999698,38517.21474595897,16540.400102949166,4305.440843895551,1116.6354608274519,333.9978802655391,100.47036122203436,15.33731115704334,0.5069619033752262,0.00047919860908687275,0.0,0.0,0.0,0.0,0.0,0.0,0.0,0.0,0.0,0.0,0.0,0.0,0.0,0.0
"(45, 12)",2905013.0892413063,3139753.3776849746,3055232.128547054,2950510.1294740173,2869973.8411895563,2713092.506674742,2524652.407113278,2389118.227131018,2213781.8595389896,2091344.8270158903,1900136.8325669602,1719206.2202096083,1592063.3414259416,1478204.1412358019,1331833.3192952764,1183135.450206988,1086202.6521369515,1017673.6005482441,905628.9643696209,836028.9155770162,739053.5811656218,659835.2298797255,568318.9567782247,456763.9210702282,330132.48379492445,230944.16847851482,152536.92609589992,89436.44143578238,42906.70814662927,17436.195419762935,5699.345708842515,1047.5098955091248,183.8041443338842,36.210297044208325,5.815521712726111,0.1369348628807967,0.0,0.0,0.0,0.0,0.0,0.0,0.0,0.0,0.0,0.0,0.0,0.0,0.0,0.0,0.0,0.0
"(45, 16)",2905013.0892413063,2975881.1863989295,2892064.604747792,2785380.233658686,2704837.758265937,2548996.350260459,2364915.8158637313,2231252.512802001,2053845.3374633733,1932913.864902941,1743065.7550062041,1570621.7557220764,1447718.8576920913,1338095.5507212551,1192160.874625754,1044966.340642835,951179.012667026,885731.4724573838,779381.4965144296,713013.073516869,620839.2269744505,546189.2510125653,460926.7011170933,351373.9454500746,237324.56220579785,158399.34276192635,99148.37368829691,51353.30291944373,20235.544310074474,6377.523017261492,1507.1907536249978,165.61193770797914,16.222683093321887,1.3730327147986046,0.041435852256938334,0.0,0.0,0.0,0.0,0.0,0.0,0.0,0.0,0.0,0.0,0.0,0.0,0.0,0.0,0.0,0.0,0.0
"(45, 20)",2905013.0892413063,2830092.0555211506,2742218.241134991,2631561.0338006765,2544306.530535885,2391056.601456593,2208070.6822304185,2073640.4781180155,1902057.1056391306,1775254.3104269584,1592913.4536242117,1429628.0777224828,1311640.8347386983,1198554.9817295535,1054510.5033017588,912887.8724972988,825810.284281485,763172.3496039325,664325.3177769178,598613.9903289579,515833.5818635499,444014.5417273863,358322.40355692536,258209.41223078818,169855.16782028932,104681.48883783747,57783.22646537821,24738.731220481674,7477.0040691036675,1730.9461606943191,226.92979707576313,14.182537803783282,0.3308574418183999,0.004864814753024605,0.0,0.0,0.0,0.0,0.0,0.0,0.0,0.0,0.0,0.0,0.0,0.0,0.0,0.0,0.0,0.0,0.0,0.0
