State,1,2,3,4,5,6,7,8,9,10,11,12,13,14,15,16,17,18,19,20,21,22,23,24,25,26,27,28,29,30,31,32,33,34,35,36,37,38,39,40,41,42,43,44,45,46,47,48,49,50,51,52,53,54,55,56,57,58,59,60,61,62,63,64,65,66,67,68,69,70,71,72,73,74,75,76,77,78,79,80,81,82,83,84,85,86,87,88,89,90,91,92,93,94,95,96,97,98,99,100,101,102,103,104
"(0, 0)",-66379.49784375004,-77208.74750415629,-76895.35558831153,-77415.8656666883,-77309.83926514359,-77566.37483993045,-77496.59468342472,-77560.72859314212,-77655.69412350531,-77785.9356959825,-77775.81159380796,-77808.88074314628,-77825.48158738531,-77772.15159051165,-77828.60432979811,-77859.80882290906,-77826.55058326448,-77827.67636957855,-77781.06838042557,-77869.73613216309,-77846.48332843879,-77787.07229672934,-77857.90263142424,-77868.3108007712,-77666.87153153328,-77863.9278947015,-77609.4817737813,-77246.70861444173,-77788.94687461577,-77288.11397277159,-77287.20743087513,-77009.76656750943,-76833.15958028306,-76411.852954023,-76453.4023552609,-77406.9468687587,-77811.49468252828,-77882.1700683049,-77892.27350510923,-77893.27956707419,-77893.28357240763,-77893.27853587831,-77893.25173792451,-77893.19206550761,-77893.2133959257,-77892.75297983651,-77892.05059717785,-77891.52460710739,-77884.76852810262,-77843.87956299531,-77535.08269109113,-77535.40600193084,-77216.37598841942,-77027.86489800023,-76794.99727268911,-77122.37404797705,-77326.96221645082,-77522.88522228689,-77536.75356666803,-77642.72286443111,-77734.818012025,-77799.61908461948,-77844.20037740044,-77814.69121980687,-77804.8124638381,-77785.21098736777,-77846.3618931898,-77880.92349078714,-77871.55945593353,-77828.77810122905,-77780.6444813403,-77833.97455290877,-77837.40574462259,-77736.17521516907,-77767.643233662,-77829.35289163733,-77509.15990104542,-77866.2706595187,-77735.76073797917,-77120.83552334018,-77371.03790480367,-77021.67806554234,-76953.349641722,-75270.44105121438,-74910.9650628014,-73727.68140762541,-73235.84000524704,-75130.66660337317,-76810.98035939492,-77763.37329014284,-77860.75897101517,-77892.92470750395,-77893.12373229563,-77892.92199900538,-77891.77465659379,-77884.51510824407,-77891.20081426007,-77873.11999618096,-77795.81290862488,-77393.2951508531,-77504.23114073601,-77569.42550016142,-76132.79577400413,-70536.20015840516
"(0, 4)",-66379.49784375004,-75258.72955861554,-75455.40396935747,-75810.13860673798,-75849.87893395216,-76186.6882798475,-76303.9662767087,-76589.92934674393,-76832.93370837792,-76933.57135431068,-76987.56431571726,-77085.873990003,-77164.83244661608,-77234.71937452459,-77122.08292564795,-77236.63315878324,-77249.99916856574,-77363.72188613864,-77175.9269578026,-77376.39318954138,-77394.99617263801,-76867.53955471747,-77082.26918023438,-76446.58568122546,-76448.13591834146,-76688.13623347899,-76688.13623347897,-71969.42888078571,-72164.61112771765,-72165.69032092647,-72429.48655771035,-72797.17626310255,-73478.31368312442,-74082.18734834094,-74797.22739080514,-75936.41233443786,-76887.16147619238,-77780.02355699365,-77884.35747488143,-77891.88159503017,-77891.30758401447,-77889.99132725844,-77886.49803011623,-77886.74060552282,-77853.64315264816,-77730.72655291352,-77424.7128061652,-76639.72110915727,-74274.13101316102,-74274.13101316102,-74274.13101316101,-74311.25428385597,-74424.37798491103,-74642.79033916212,-75069.980448069,-75829.44064618107,-76213.18964063935,-76509.5985972028,-76689.64248268398,-76845.73532076075,-77097.88231051795,-77243.03747766136,-77257.61498503367,-77292.91065731671,-77377.47279814201,-77438.5988026788,-77431.57599002673,-77462.1347840048,-77189.76461612091,-77064.6259198933,-77145.74224231212,-76937.99238173393,-76988.91786479692,-76088.96635986125,-76425.44185357628,-76805.40705932792,-76282.90370365388,-73861.38502388031,-74372.09810235132,-67174.13793995808,-67180.06197314842,-67208.67924538517,-67270.10008995073,-67336.07062670632,-67530.8953898927,-67663.74895290918,-68289.23360090386,-70363.06382047631,-73787.78238291947,-76771.06090364126,-77787.6124083572,-77843.31004894656,-77840.69310663236,-77800.87280537238,-77562.25544591616,-76949.96208749322,-76483.12884723335,-73542.49524252616,-68658.21452797826,-66379.45900857926,-66379.31014042464,-66379.49784375004,-64028.52530079522,-52645.808634698304
"(0, 8)",-66379.49784375004,-73597.53581773586,-73771.9252138422,-74422.6259568029,-74537.82755592554,-74883.13392576895,-75067.57670154436,-75505.06710971243,-75880.70698128144,-76122.01374570379,-76179.47902284864,-76206.92234536976,-76385.64684199009,-76434.82118819977,-76158.99868789763,-76020.46090824547,-75477.46489048134,-75660.85597306733,-74711.52713065778,-74645.881317648,-74918.95695223106,-71238.00638476966,-71268.37092619186,-71268.745688264,-71269.48127217228,-71375.71123959728,-71375.71123959725,-71283.51048363757,-71271.54873511492,-69577.05352224545,-69771.9088907153,-70054.23322989918,-70560.5954718641,-70905.85758611391,-71853.97137262132,-73811.3331339775,-74617.8894427523,-75060.3779674462,-75629.7395639939,-76058.84506074616,-75736.08280556604,-74216.57789556451,-74216.57789556454,-74216.61070203387,-74216.64253717287,-74216.64253717287,-74216.79249828056,-74217.63935957997,-74001.08802085255,-73394.3258157225,-73362.90420152823,-72431.97490739136,-72644.48230008948,-72744.39607698584,-73308.50668476398,-74366.60986200994,-75136.33431056433,-75344.43594077934,-75740.03142311407,-75881.00953228366,-76086.01753250082,-76429.8674515106,-76348.9436843597,-76142.45761033786,-75171.20502720754,-75207.40695202137,-75316.67421715708,-75642.36838302773,-73739.28641538095,-73739.54030380296,-74549.86158168736,-67248.85425321164,-66903.30078329182,-66904.70117715259,-66906.86991376212,-66907.50646444266,-66907.40394280237,-66926.25773205426,-66966.7584645212,-66655.55444009433,-66379.49784375004,-66379.49784375004,-66379.49784375004,-66379.49784375004,-66379.49784375004,-66379.49784375004,-66379.50089200548,-66379.5045254691,-66379.51025114775,-66379.5289388332,-66379.53004937188,-66379.49784375004,-66379.49784375004,-66379.49784375004,-66379.49784375004,-66379.36881767065,-66379.49482969524,-66379.41043616069,-66376.96302365896,-66292.73072412214,-66064.11146134979,-65652.02738199625,-58960.14850092898,-38912.11942564657
"(0, 12)",-66379.49784375004,-70933.10761445103,-71116.69945657396,-71586.98376634838,-71712.41976429729,-71434.42787098946,-71555.37694605462,-71955.12548572321,-72372.04038619575,-71719.87847555199,-71250.01345325736,-70697.1147902837,-70708.100635879,-70716.47596514253,-70767.40688870789,-70770.01293898434,-70770.96254735265,-70860.32092397656,-70864.87872838038,-70949.62018692405,-70948.89870071266,-70822.1209993414,-70672.15432680427,-70484.26704441752,-68740.93092647065,-68810.78774407523,-68810.78774407519,-68857.15059226539,-69036.20305240712,-67840.33347229428,-67950.80994055247,-68143.42238908513,-68510.90663565887,-68894.55841266725,-69993.80661416786,-71944.85006307662,-73364.98970938301,-74099.87734486749,-74212.40187229421,-74212.46711231211,-74212.46592491235,-74209.56406703699,-74202.04925075745,-74202.07111665746,-74075.96546241317,-73706.68814116892,-72103.85025255373,-70387.20503973214,-70387.20503973214,-70387.2050397321,-70387.20503973206,-68009.46943701559,-66542.08282306841,-66549.50352739119,-66576.89142404037,-66653.70323598651,-66670.53322266204,-66677.75533229159,-66682.74692977362,-66689.60949325746,-66691.57387698218,-66697.27173800822,-66697.51528599791,-66698.17469485427,-66702.54462396134,-66705.05838272873,-66705.05677475153,-66705.12763323613,-66705.12630748122,-66705.12630748126,-66716.75589547165,-66770.71718374715,-66669.26520011005,-66379.49784375004,-66379.49784375004,-66379.49784375004,-66379.49784375004,-66379.49784375004,-66379.49784375004,-66379.49784375004,-66379.49784375004,-66379.49784375004,-66379.49784375004,-66379.49784375004,-66379.49784375004,-66379.49784375004,-66379.49816394801,-66379.4986122798,-66379.49868622767,-66379.50006482741,-66379.49784375004,-66379.49784375004,-66379.49784375004,-66379.49784375004,-66379.48894539975,-66379.35115372225,-66379.45864352201,-66378.79807508412,-66376.94829307692,-65830.8637240335,-65642.28572756841,-62542.868060580615,-44831.81305023784,0.0
"(0, 16)",-66379.49784375004,-69037.5517670817,-69170.96442710956,-69446.9744036276,-69481.57508598715,-69684.98759656966,-69816.07598926897,-70032.82006472127,-70117.02307081685,-70267.33682873045,-70304.81555745647,-70246.78989943095,-70238.76859418178,-70255.15984367287,-70169.73062471031,-70050.32549611211,-69032.54433551851,-68553.78201309706,-68564.19655078607,-68567.15948622282,-68567.43340630378,-68568.88340172039,-68646.93290489078,-68646.95980048073,-68531.3030300337,-66919.53214178166,-66919.53214178167,-66938.81907729035,-67084.72892755934,-66379.49802077837,-66379.49803411905,-66379.49816474196,-66379.49819791089,-66458.71569940356,-66838.95744368475,-67489.85506818478,-68391.85564085998,-70026.66830492861,-72255.4462813151,-72874.44692948829,-73035.21242062312,-72537.15225187788,-67998.27240646463,-66379.89023821188,-66379.8904358737,-66379.89043587368,-66379.89395239184,-66379.89257360833,-66379.89257360838,-66379.8925736084,-66379.93806570554,-66379.49847398243,-66379.4984806107,-66379.49871793251,-66379.49939720528,-66532.70189618686,-66542.29501928875,-66518.48914192295,-66518.14911720336,-66540.77519853212,-66558.32460987195,-66560.98839043017,-66563.15234379472,-66557.75933039906,-66379.5237357481,-66379.49784375004,-66379.49784375004,-66379.49784375004,-66379.49784375004,-66379.49784375004,-66379.49784375004,-66379.49784375004,-66379.49784375004,-66379.49784375004,-66379.49784375004,-66379.49784375004,-66379.49784375004,-66379.49784375004,-66379.49784375004,-66379.49784375004,-66379.49784375004,-66379.49784375004,-66379.49784375004,-66379.49784375004,-66379.49784375004,-66379.49784375004,-66379.49785249266,-66379.49786487801,-66379.49784375004,-66379.49784375004,-66379.49784375004,-66379.49784375004,-66379.49784375004,-66379.49661639136,-66379.36699036567,-66379.34065956436,-66378.77592606975,-66371.12858145747,-66207.8378527273,-65523.613537005,-64271.80597706412,-57281.63656902062,-32203.133317776483,0.0
"(0, 20)",-66379.49784375004,-66773.98672892824,-66880.56893854585,-67030.17574560535,-66835.45760383183,-66545.43515743807,-66588.74680931741,-66655.33843322928,-66760.4370995779,-66821.39585747475,-66913.46305726469,-67052.7583303555,-67160.48000821237,-67287.03200416743,-67391.785426117,-67466.76969147752,-67592.22430057953,-67732.15427636758,-67888.23001859272,-66379.49791741093,-66379.49792286725,-66379.4979355261,-66379.497942327,-66379.49796286436,-66379.49796286439,-66379.4979766084,-66379.49797660844,-66379.49798135336,-66379.49800336987,-66379.49801175784,-66379.49803114339,-66379.4980611263,-66379.49806802675,-66379.49827735162,-66379.49898688152,-66379.50152717378,-66379.50971255988,-66379.53608769286,-66379.5770633459,-66379.66194148429,-66379.71415439977,-66379.73017741083,-66379.74738731161,-66379.75629958171,-66379.78612140841,-66379.78612140838,-66379.78591240992,-66379.49827669609,-66379.49827669609,-66379.4982766961,-66379.49830876621,-66379.49832895382,-66379.49838493891,-66379.49849768661,-66379.49874680527,-66379.49947993405,-66379.50009739293,-66379.50107567968,-66379.50140728359,-66379.50248799373,-66379.50348816132,-66379.50367705735,-66379.50467007671,-66379.50470402109,-66379.49784375004,-66379.49784375004,-66379.49784375004,-66379.49784375004,-66379.49784375004,-66379.49784375004,-66379.49784375004,-66379.49784375004,-66379.49784375004,-66379.49784375004,-66379.49784375004,-66379.49784375004,-66379.49784375004,-66379.49784375004,-66379.49784375004,-66379.49784375004,-66379.49784375004,-66379.49784375004,-66379.49784375004,-66379.49784375004,-66379.49784375004,-66379.49784375004,-66379.49784375004,-66379.49784375004,-66379.49784375004,-66379.49784375004,-66379.49784375004,-66379.49784375004,-66379.49657288882,-66379.4805347077,-66379.35006811972,-66353.42607728107,-66373.38553758792,-66311.82052182932,-65839.8613301854,-64644.49533572082,-60479.59899094585,-53147.347932465214,0.0,0.0
"(9, 0)",-66379.49784375004,-76348.3543240991,-76125.03138450078,-76904.3349784997,-76899.69738149724,-77137.38922291182,-77103.14821669027,-77259.94149689017,-77380.99166223379,-77609.33617644358,-77600.71871840055,-77663.69234930427,-77750.78654637297,-77664.06572426455,-77781.29082107414,-77789.73405647,-77733.99042451038,-77722.7751730352,-77701.46263949106,-77823.56480064164,-77747.0883922805,-77669.08877266898,-77825.14356957753,-77750.26245686183,-77621.80653429872,-77678.22392310642,-77314.60573218888,-76901.55172228291,-76882.60088579856,-76989.63793316681,-76749.21778633964,-76385.61818258234,-75855.8040360912,-75565.32474871539,-76191.32980769829,-77256.84227836064,-77735.24810292623,-77876.00129169889,-77889.47986056822,-77893.0322095539,-77893.22507699426,-77893.20290306548,-77892.73256818662,-77892.35764680433,-77892.39331376528,-77887.85198737896,-77882.74452654793,-77860.95447894339,-77788.08411780145,-77535.08664797049,-77187.0400818298,-77042.09517494196,-76514.00597909266,-75980.28447845795,-75936.50105351089,-76457.48998344083,-76990.2432985546,-77052.4393981588,-77189.58706760893,-77377.64677884238,-77536.70883452852,-77678.94852177877,-77705.13321530583,-77655.30235956796,-77720.44288100282,-77684.38468543258,-77762.88251646033,-77839.32629367782,-77800.92569892995,-77726.2595065383,-77645.81656289763,-77746.04782255938,-77711.57903773137,-77554.34349527056,-77537.35324665823,-77631.7013120709,-77458.18154396892,-77682.02383610775,-77267.33770056386,-76600.85252110867,-76675.82018921814,-76174.47507249517,-75306.72572238556,-73372.2444239697,-72470.27258589263,-70471.16216902928,-70912.81318455671,-73600.89222204474,-76168.98500463484,-77522.34333123593,-77767.63930525276,-77888.83885869199,-77891.54472997253,-77890.74086754136,-77883.14538153398,-77853.73050820146,-77868.42649787849,-77780.69302451267,-77466.87690259259,-77066.50424670958,-76852.59045231061,-75993.20098077641,-72022.28433167358,-64580.79194181037
"(9, 4)",-66379.49784375004,-75032.25444303824,-74931.18459502066,-75516.63745845467,-75569.1453966489,-75955.67021360234,-76055.54606608878,-76385.42742427668,-76589.73466783838,-76821.93649587203,-76832.55715271151,-76915.93324187529,-77091.19135534758,-77019.56890325552,-77037.16261953696,-77192.79394753334,-77153.09559764253,-77174.90358744048,-77039.29903155695,-77338.54008877419,-77418.72289635648,-76822.02054761634,-77055.7578245321,-76438.65150075282,-76403.17904197577,-76530.71573704082,-76208.41139245933,-71822.76989956782,-72134.36406590094,-72099.03000514545,-72292.11380730847,-72133.7849980224,-73449.10548469421,-74222.58848357176,-75037.85556032884,-75713.32027322987,-76503.76038739966,-77639.89749907513,-77827.51264318769,-77890.85958416847,-77890.78105043307,-77888.71626974492,-77884.57785699853,-77879.70591873054,-77843.83316979013,-77750.66855636041,-77419.69343262617,-76631.182112963,-74260.84074509048,-74225.9537914052,-74038.29222662929,-74118.58769281229,-74144.34393956205,-74169.50125912283,-74425.68187820521,-75424.43132560427,-75903.1997740725,-76207.03052786534,-76328.65081822417,-76569.16069456062,-76830.70329819225,-77100.33530666042,-77151.45222665349,-77088.19575807512,-77247.73309251282,-77131.03047692546,-77343.24426967315,-77388.62907290366,-77048.36301156152,-76968.75656185382,-76832.54793632755,-76821.28041537739,-77119.71593669493,-75960.59233896606,-76335.8800322129,-76864.65604551314,-76253.14742325911,-73861.10607033651,-74306.76981684663,-67120.03473018364,-67172.89353235878,-67207.95975215574,-67264.88376403743,-67252.64559358153,-67341.93571532652,-67153.80309208043,-67813.51711217368,-69119.81723319028,-72035.379391146,-76064.63379212885,-77329.15447801695,-77791.82445640743,-77819.14119184672,-77779.94741502756,-77498.77640065308,-76989.77974936945,-76436.62576000993,-73191.61318486038,-68612.32537536953,-66379.38781076619,-66378.37162379768,-66374.05444731364,-54686.74462470956,0.0
"(9, 8)",-66379.49784375004,-73274.2247130525,-73286.23871246348,-73990.06264823132,-73931.03119027978,-74588.58145358259,-74600.66176269157,-75015.57136461543,-75535.01283427108,-75912.9884614874,-75774.06571338067,-76185.59205319537,-76257.40241507521,-76139.70212937956,-76138.15092689001,-75961.77336720495,-75425.98389358124,-75534.4459002609,-74436.79578391329,-74508.67822068055,-74910.20202010004,-71201.22859839826,-71260.81732355815,-71266.93433824858,-71248.14933883336,-71360.44401166926,-71228.128036293,-70995.68193284098,-70901.78854699631,-69529.01277293399,-69613.20157457382,-69778.81665068302,-70010.96408770824,-70173.62308298386,-71091.39837624127,-73543.45809059773,-74396.2104940547,-75050.09942439398,-75636.62093452118,-76133.4882659164,-75736.05524345784,-74216.55979544352,-74216.44666968726,-74215.65931442361,-74216.33479749576,-74213.66772029405,-74212.44362615823,-74205.35987073867,-73941.41798964066,-73287.99760225927,-72854.20264400188,-72298.45034102851,-72089.72470865602,-72212.65931553594,-72474.77632523008,-73951.13575938859,-74268.97004500902,-75027.46890260512,-75234.70225590988,-75485.00163177814,-75889.39842175339,-76277.49788783364,-76026.96969552968,-75913.80207652818,-74941.052711547,-75027.98502582563,-75266.65384558857,-75622.45119621773,-73730.14934034,-73735.85892168348,-74533.96407288463,-67245.34831143383,-66898.55693426522,-66884.39546617161,-66905.47010052158,-66907.63055428176,-66908.0936479613,-66926.25773205426,-66966.7584645212,-66655.55444009433,-66379.49784375004,-66379.49784375004,-66379.49784375004,-66379.49784375004,-66379.49784375004,-66379.49784375004,-66379.4990180043,-66379.50134835132,-66379.5058855819,-66379.5289388332,-66379.49784375004,-66379.49784375004,-66379.49784375004,-66379.49784375004,-66379.49784375004,-66379.10739954324,-66378.99463141065,-66377.05304178817,-66376.61172159688,-66305.9880611089,-65251.11064272782,-59415.704139404246,-36149.595734170645,0.0
"(9, 12)",-66379.49784375004,-70712.28253359318,-70688.49464320863,-71122.98834321725,-71106.14577421076,-71199.5625033254,-71227.62272687718,-71663.12982915578,-72092.79015746574,-71566.14603708193,-70998.63238965206,-70629.02024097323,-70687.44304406963,-70653.10578935039,-70761.11546204549,-70764.09210994524,-70764.07788668276,-70841.31628607905,-70854.06567814424,-70950.58235343022,-70952.38856498746,-70813.1655058069,-70674.154014709,-70483.44015323416,-68726.67143289819,-68806.74618217006,-68771.71931232509,-68669.96548093764,-68901.57449419062,-67786.15029654246,-67839.29747045132,-67849.43497449541,-67967.03487513155,-68361.72867438443,-69047.19845125556,-70843.32423286805,-72578.21257963999,-73908.36891407226,-74168.62829364117,-74212.56300837945,-74212.47740310995,-74209.55200309215,-74201.96178715737,-74201.43700555699,-74075.78547219058,-73704.94823568375,-72101.41961640448,-70380.73754663441,-70376.02029700346,-70346.66034734072,-70350.47596238276,-67794.15386137248,-66525.63964605806,-66534.4385160552,-66572.21391204504,-66636.7476432338,-66649.8515934969,-66662.86040084108,-66670.71394730538,-66684.14404914522,-66686.46753472232,-66695.82851131677,-66695.74956307275,-66693.39398064553,-66703.00840667714,-66692.61925965785,-66693.48759060225,-66705.13205597083,-66705.14553092764,-66705.12630748126,-66716.75589547165,-66770.71718374715,-66669.26520011005,-66379.49784375004,-66379.49784375004,-66379.49784375004,-66379.49784375004,-66379.49784375004,-66379.49784375004,-66379.49784375004,-66379.49784375004,-66379.49784375004,-66379.49784375004,-66379.49784375004,-66379.49784375004,-66379.49784375004,-66379.49792532146,-66379.49881827747,-66379.49968188304,-66379.50228590477,-66379.49784375004,-66379.49784375004,-66379.49784375004,-66379.49784375004,-66379.32185327112,-66379.07996106806,-66378.90715375906,-66376.87365504954,-66299.64411297996,-64347.95391254695,-61432.639739626524,-53045.89827277411,-25494.147209906376,0.0
"(9, 16)",-66379.49784375004,-68841.11193970118,-68856.2126170786,-69276.71219144203,-69314.33845458282,-69525.96463350297,-69571.27307725279,-69717.0338130648,-69994.91676094069,-70139.91054194108,-70105.34209140789,-70107.85102737026,-70159.52990313548,-70167.00608796088,-70120.30155012898,-69983.61424344008,-69023.18034952719,-68510.0915848032,-68489.23048087311,-68566.83225661752,-68566.660418201,-68568.53547136039,-68648.93259279549,-68646.82980512948,-68531.30303000777,-66919.5321414057,-66919.5321381474,-66938.81907568488,-67084.72892523401,-66379.49801424466,-66379.49802662332,-66379.49812087612,-66379.49804914823,-66379.49843064511,-66570.61831794187,-67437.08567158261,-68392.68861431688,-70029.85926351392,-72255.44757763707,-72874.446927831,-73035.21241431718,-72537.15221775643,-67998.27207662401,-66379.88784686738,-66379.88852514238,-66379.87196547081,-66379.90105931842,-66379.91256596905,-66379.93014954185,-66380.02878636715,-66380.6315001689,-66381.66725185674,-66379.49844254862,-66379.49861913576,-66379.49933090707,-66525.93821510689,-66530.74548731773,-66516.98297709445,-66512.78584859385,-66537.08332489565,-66543.72530722534,-66544.59414158548,-66529.0359263373,-66580.04421153427,-66379.6708996127,-66379.87327772203,-66379.49784375004,-66379.49784375004,-66379.49784375004,-66379.49784375004,-66379.49784375004,-66379.49784375004,-66379.49784375004,-66379.49784375004,-66379.49784375004,-66379.49784375004,-66379.49784375004,-66379.49784375004,-66379.49784375004,-66379.49784375004,-66379.49784375004,-66379.49784375004,-66379.49784375004,-66379.49784375004,-66379.49784375004,-66379.49784375004,-66379.49784520715,-66379.4979282619,-66379.4979969278,-66379.49784375004,-66379.49784375004,-66379.49784375004,-66379.49784375004,-66379.46589820956,-66379.30542549347,-66378.1433575279,-66355.28042253389,-66148.99397691413,-65104.98604684299,-62952.11723610356,-57681.11435471248,-46118.56966128735,-9392.580551018136,0.0
"(9, 20)",-66379.49784375004,-66742.1467756359,-66796.11142840948,-66905.86722350818,-66829.59383651949,-66544.84773767092,-66588.20269821992,-66655.06546613915,-66760.08982209144,-66821.18393336472,-66913.34033093003,-67052.0465176144,-67155.31936583943,-67285.7908351548,-67391.78636009175,-67466.77307713601,-67592.22215384382,-67732.15427636758,-67888.23001859272,-66379.49791741086,-66379.49792286682,-66379.49793552364,-66379.49794225369,-66379.49796285848,-66379.49796286439,-66379.49797660278,-66379.49797655418,-66379.49797977979,-66379.49799424314,-66379.498005296,-66379.49802364765,-66379.4978868972,-66379.4978736536,-66379.49788316837,-66379.49835180846,-66379.50152717675,-66379.50971256939,-66379.53608773877,-66379.57706346687,-66379.66194148429,-66379.71415439977,-66379.73017741083,-66379.74738731161,-66379.75629958171,-66379.78652306671,-66379.79000410522,-66379.79197336602,-66379.5290934411,-66379.5090560406,-66379.53735182,-66379.49830236136,-66379.4983268365,-66379.49837265829,-66379.49845316926,-66379.49869138417,-66379.49948959133,-66379.50015881108,-66379.50143420525,-66379.50194432723,-66379.503657105,-66379.50591896463,-66379.50595801043,-66379.5100041478,-66379.51123616283,-66379.49784375004,-66379.49784375004,-66379.49784375004,-66379.49784375004,-66379.49784375004,-66379.49784375004,-66379.49784375004,-66379.49784375004,-66379.49784375004,-66379.49784375004,-66379.49784375004,-66379.49784375004,-66379.49784375004,-66379.49784375004,-66379.49784375004,-66379.49784375004,-66379.49784375004,-66379.49784375004,-66379.49784375004,-66379.49784375004,-66379.49784375004,-66379.49784375004,-66379.49784375004,-66379.49784375004,-66379.49784375004,-66379.49784375004,-66379.49784375004,-66379.49784375004,-66379.46957066936,-66379.35849865912,-66379.23395666311,-66269.54157728609,-66282.851062616,-65750.50079302557,-64315.79719457195,-60644.715673503655,-52303.23289323283,-29511.540792806445,0.0,0.0
"(18, 0)",-66379.49784375004,-75317.74984901868,-75833.64022483554,-76309.01571387674,-76356.41944156993,-76704.39430511187,-76639.82031627269,-76791.5156599396,-77051.20664974455,-77267.97183355808,-77374.60135794846,-77473.4959911124,-77552.18946241878,-77475.59020854048,-77608.68873388461,-77639.31713148982,-77575.4037292846,-77551.44155374337,-77585.89804135187,-77663.38289318574,-77543.72368919439,-77545.0459742143,-77567.14453379289,-77562.71178193076,-77413.28699169596,-77244.99719289293,-76641.72318566171,-75801.59860567133,-75868.82455840692,-75648.92854587705,-75902.74586543272,-75398.57490825633,-75133.72950946902,-75142.52525587146,-75955.31557173943,-77152.6522778882,-77699.50033926975,-77849.8731557464,-77879.67191799314,-77891.64169851036,-77892.43849422486,-77892.02223287112,-77889.78975045086,-77883.78989857124,-77884.62193259723,-77856.62812448907,-77813.76268356894,-77680.41797328446,-77319.38164790811,-76840.03720332496,-76255.44484398389,-75870.61777651389,-75110.7163059776,-74789.86608659734,-74880.20136225026,-75650.51318213904,-76232.33398459945,-76609.29037791592,-76812.98289932882,-76959.12440803317,-77164.21470088356,-77434.4501226152,-77456.98397495467,-77423.56501579535,-77522.76676625555,-77470.84642758656,-77649.95082996358,-77698.81962561625,-77654.12222139044,-77558.37864009959,-77387.04158240951,-77441.90239928196,-77389.63968739656,-77139.46656536376,-77211.21705044089,-77240.02784503734,-77191.5775918469,-77049.25816775512,-76088.1029079056,-75389.90973194788,-74869.74113069978,-74057.44657878048,-71905.8106780319,-70019.40970203806,-68689.08064716437,-68607.98881319122,-69765.37698863308,-72886.42431369801,-75164.13123802656,-77031.07179965515,-77596.33473555709,-77849.87530917159,-77878.38957377679,-77877.13132920944,-77839.54350218095,-77716.58945000295,-77690.70776656171,-77258.77852839722,-76712.5202961343,-75854.02156226753,-74125.71851369432,-71043.94671318136,-66221.63934709427,-61801.60144073279
"(18, 4)",-66379.49784375004,-74405.63927344531,-74077.37319219303,-74839.69550559868,-74919.35160078426,-75554.75179196584,-75628.48500432215,-75968.54477575736,-76212.35297734811,-76407.70691461442,-76462.37945188316,-76672.7064377226,-76790.04330931234,-76518.16618159137,-76885.1065631039,-77039.08303730036,-76932.94837157527,-76862.0962659973,-76935.319224168,-77147.87612126625,-76831.78293911835,-76621.53364265441,-76720.8226114166,-76338.24034433435,-76218.04468463482,-75892.73400929297,-73279.52424640725,-71602.66903383382,-71783.61965053852,-71488.50647558512,-71458.94127706472,-71845.90183399997,-73779.03402641375,-74161.26963765491,-74668.33677364908,-75004.11465170531,-76033.11747616097,-77461.93397895481,-77796.69013172093,-77888.01573917859,-77888.32416547074,-77882.44623916384,-77874.60989794812,-77852.15964548617,-77764.89552234997,-77574.37201128884,-77195.96913897684,-76007.3573834538,-74132.3843441965,-73954.6023944999,-73552.89120027867,-73427.34602474596,-72930.02489863907,-73190.15214273032,-73741.77695503805,-74577.61958236576,-75135.14016945128,-75538.22189974507,-75542.4541200991,-75971.1506417168,-76392.37890991804,-76760.57257561057,-76862.1588528574,-76779.12428311227,-76714.19046042507,-76588.6496483731,-76944.7939301278,-76912.04254139542,-76793.54731225951,-76539.30580895366,-76268.32032918648,-76639.1919838932,-76054.30125253632,-75661.73569990204,-75978.37670936545,-76094.27956939982,-75303.86506194921,-73655.4411255948,-72133.5812508527,-67088.43660811224,-67097.7477122829,-67081.70047018485,-67134.83144817047,-66986.92327110631,-66670.95354870477,-66527.84466462146,-67109.84440128077,-67958.87578766678,-70498.68571784814,-75101.0606907665,-76996.9844953284,-77612.7462125338,-77700.43345760062,-77598.50075392768,-77071.3400517657,-76986.72950573098,-76328.58236590875,-72760.78779583852,-67879.27065930114,-66379.20010744079,-66378.37162379768,-66352.280861568,-54618.92079425539,0.0
"(18, 8)",-66379.49784375004,-72406.48513617394,-72251.85836002494,-73304.80001718517,-73379.88231609263,-73821.39698187645,-73838.95518346017,-74453.22259757933,-74999.10853615539,-75416.0920339021,-75565.01570875054,-75830.32446098748,-75757.21993315493,-75599.00326575899,-75521.17101426634,-75575.65477832174,-74978.79332295651,-75324.73828719591,-75028.39723794004,-74597.15851595103,-75022.31014221392,-71168.00228482734,-71240.21722980397,-71233.89292491866,-71216.952121725,-71191.18688833195,-70871.03027266974,-70086.3604772066,-69399.03481320656,-69352.67750946397,-69233.07251478318,-69306.5509736654,-68925.16816796118,-69094.18233282793,-71211.13339000169,-73294.26607023457,-74027.74494866932,-74888.21860086707,-75647.55197889646,-76131.97338113018,-75732.88993313309,-74215.88719515328,-74214.12884661787,-74206.9094528318,-74207.13805059671,-74191.85799837272,-74152.26716940611,-74103.80155687405,-73837.28320616111,-73212.15565841828,-71614.87929626009,-71373.2583567553,-71143.7906543157,-71108.2308356347,-71615.43417932592,-72803.42070169283,-73296.22820493404,-74019.34563510743,-73900.90318810724,-74576.50082657734,-74958.83404030277,-75739.13131549017,-75704.6498467487,-75244.41865556111,-75070.2290186798,-74695.81691100715,-74904.697523283,-75398.89788158568,-73561.98206795269,-73654.89662719332,-74397.0805630973,-66887.1053547883,-66878.13332991608,-66876.52678822869,-66886.84141122685,-66904.50065448148,-66910.37707036987,-66946.25918166319,-66995.37778088819,-66434.21478779204,-66379.49784375004,-66379.49784375004,-66379.49784375004,-66379.49784375004,-66379.49784375004,-66379.49784375004,-66379.49784375004,-66379.49828479631,-66379.4979969278,-66379.57002876452,-66379.65887185921,-66379.49784375004,-66379.49784375004,-66379.49784375004,-66379.49784375004,-66378.24638856803,-66376.2592997874,-66373.36840128315,-66363.40821295152,-66370.35863356187,-65225.705033925224,-42070.90900537279,0.0,0.0
"(18, 12)",-66379.49784375004,-70247.70497571703,-69939.00322482875,-70418.29690271968,-70210.40326909733,-70532.01941091371,-70789.07099699511,-71131.59848973663,-71697.82886002059,-72105.92018473527,-70841.84558184458,-70517.52862008357,-70597.14575441436,-70600.33176808555,-70593.49954416745,-70732.22520997512,-70722.90741420082,-70718.381652252,-70754.32850114068,-70948.48997459537,-70966.33193656722,-70968.1045309828,-70691.09578861143,-70460.86355414848,-68716.9510821535,-68747.8096614836,-68584.08797055346,-68469.9852292846,-68324.02137087737,-67679.1226038581,-67573.62521935128,-67200.63772904348,-67146.9269259733,-67445.76394727401,-68167.1847525502,-69562.7476954956,-71204.75807333415,-73754.20639260771,-74096.07002139071,-74213.30787916748,-74214.50096529939,-74209.9693184365,-74202.35865996961,-74206.27519442496,-74069.65573155272,-73690.46667378834,-72069.89504635279,-70323.18408450157,-70233.2019680835,-69981.07223640085,-69358.32526977915,-66671.12195565121,-66481.76791184444,-66445.95191481416,-66471.27026493721,-66603.68187715474,-66618.27039213908,-66632.76649162336,-66633.18951710887,-66647.28200373198,-66673.30299749407,-66694.51912508014,-66689.70047687252,-66692.54427495992,-66685.95564893707,-66669.4767476857,-66705.57149169742,-66704.0957624748,-66705.13276679472,-66705.31213412996,-66717.65405760707,-66780.69511047196,-66692.88257490829,-66379.49784375004,-66379.49784375004,-66379.49784375004,-66379.49784375004,-66379.49784375004,-66379.49784375004,-66379.49784375004,-66379.49784375004,-66379.49784375004,-66379.49784375004,-66379.49784375004,-66379.49784375004,-66379.49784375004,-66379.49784375004,-66379.4979229799,-66379.49784375004,-66379.52671775583,-66379.49784375004,-66379.49784375004,-66379.49784375004,-66379.49784375004,-66378.93624167146,-66377.88199342569,-66376.14795629444,-66373.36153063306,-65818.50100688243,-60661.441079322656,-48823.79685028373,-25319.958523941386,0.0,0.0
"(18, 16)",-66379.49784375004,-68498.41536272703,-68505.19974684928,-68860.3590770834,-68798.0049199272,-69155.0616335539,-69074.27142394149,-69296.44105228028,-69628.65758649987,-69793.83165224733,-69816.35282254651,-69876.12614030366,-69939.29008283916,-69956.12111985635,-70110.11722451811,-69978.07303450358,-68976.50561629157,-68439.84943036964,-68412.10709763148,-68560.30332773969,-68560.26271205819,-68548.2063985398,-68643.88764927072,-68673.95781684393,-68527.53316484754,-66916.76979419282,-66917.01645200007,-66865.86413305919,-67058.57151637795,-66379.49800257945,-66379.49787797024,-66379.49799146589,-66379.4978876992,-66379.49798390408,-66593.39037646676,-66836.96900923189,-68258.030027142,-70015.74183155285,-72301.71901296626,-72874.45403983942,-73035.21675993972,-72537.06739223714,-67998.13812879533,-66379.88049162217,-66379.86540881223,-66379.80858443808,-66379.96830372402,-66380.07868211882,-66380.35962426827,-66381.094819604,-66384.00672342145,-66392.24678109995,-66379.49828838996,-66379.49839044832,-66379.49917739557,-66497.58533183436,-66534.81158537872,-66509.69631852476,-66520.63858961558,-66560.24986231228,-66597.2162507705,-66607.27691566857,-66563.77942754241,-66598.97992733537,-66487.97696737619,-66381.44400280094,-66390.38542893759,-66379.49784375004,-66379.49784375004,-66379.49784375004,-66379.49784375004,-66379.49784375004,-66379.49784375004,-66379.49784375004,-66379.49784375004,-66379.49784375004,-66379.49784375004,-66379.49784375004,-66379.49784375004,-66379.49784375004,-66379.49784375004,-66379.49784375004,-66379.49784375004,-66379.49784375004,-66379.49784375004,-66379.49784375004,-66379.49784375004,-66379.49784903204,-66379.49784375004,-66379.49784375004,-66379.49784375004,-66379.49784375004,-66379.49784375004,-66379.24207156088,-66378.87341492278,-66376.8851385926,-66376.14700861859,-65508.340907188925,-61900.72401949532,-55233.730001839285,-39710.62948062806,-16332.911007435476,0.0,0.0
"(18, 20)",-66379.49784375004,-66603.88342289272,-66561.00452642525,-66534.70335849811,-66598.55287186582,-66533.64008735844,-66576.06452485047,-66640.65107976265,-66754.6047188826,-66817.6318785814,-66908.5445214207,-67038.01697912198,-67115.47626964418,-67248.40193215394,-67390.79613475584,-67463.57520355245,-67592.27661273153,-67732.09202103155,-67888.00434299959,-66379.49791737934,-66379.49792281314,-66379.49793527178,-66379.49794218254,-66379.49796266686,-66379.49796269365,-66379.49797179698,-66379.4979739773,-66379.49794753839,-66379.49796776958,-66379.49784375004,-66379.49784375004,-66379.49784375004,-66379.49784375004,-66379.49784375004,-66379.49784375004,-66379.49823948172,-66379.50839420788,-66379.5360893627,-66379.57706419274,-66379.6619449927,-66379.71416570466,-66379.73019926703,-66379.74751407756,-66379.75721863483,-66379.79192620865,-66379.80858443808,-66379.86820583769,-66379.67404442326,-66379.67651005465,-66379.66887371102,-66379.93782627434,-66379.49815379972,-66379.49813320198,-66379.49813603768,-66379.4984112815,-66379.49935678595,-66379.5001452963,-66379.50178697983,-66379.50308288513,-66379.50637114714,-66379.5119324634,-66379.51697039607,-66379.53347921804,-66379.56571769775,-66379.58846574328,-66379.49784375004,-66379.49784375004,-66379.49784375004,-66379.49784375004,-66379.49784375004,-66379.49784375004,-66379.49784375004,-66379.49784375004,-66379.49784375004,-66379.49784375004,-66379.49784375004,-66379.49784375004,-66379.49784375004,-66379.49784375004,-66379.49784375004,-66379.49784375004,-66379.49784375004,-66379.49784375004,-66379.49784375004,-66379.49784375004,-66379.49784375004,-66379.49784375004,-66379.49784375004,-66379.49784375004,-66379.49784375004,-66379.49784375004,-66379.49784375004,-66379.3214914336,-66379.2160439961,-66378.12643616388,-66111.26950836867,-65722.35601065468,-63713.17535795999,-58877.05582757332,-49137.51914457602,-30883.323063662163,-1619.4104398307131,0.0,0.0
"(27, 0)",-66379.49784375004,-75307.36557745613,-75361.99185962995,-75919.80909471479,-75813.41246987105,-76127.80548366203,-76143.4634971227,-76318.34427999277,-76634.30731740504,-76953.32871763552,-77137.50247654069,-77308.96687561854,-77261.2034709904,-77208.94776351347,-77439.14317816381,-77462.05439784845,-77396.09548308313,-77393.26542256938,-77329.78607596912,-77428.75676069173,-77427.06155839718,-77239.61604154232,-77260.04663944067,-77339.7085000304,-76950.65642864193,-76527.53341188759,-75537.88870584528,-74462.52399439363,-75354.64215287709,-75280.68966491708,-75042.88817648092,-74791.75173970134,-74790.51081738446,-74902.49375002629,-75841.91555567726,-77037.54006978312,-77678.49661733597,-77818.66068809466,-77857.13291244824,-77880.52291825849,-77886.80831870974,-77882.8417486325,-77866.97988572,-77770.88217664252,-77841.85913590663,-77713.86123485921,-77470.27808173622,-77034.00193006104,-76540.57580638315,-75875.1060354013,-75014.44274348403,-74531.82429623492,-74007.73697450075,-73823.29561025085,-73980.73082741964,-75135.56455788207,-75765.8364912338,-76183.08145711059,-76438.54837569996,-76375.47406685543,-76605.99452953412,-76923.68288442957,-77213.3377376259,-77280.16798006525,-77303.380684432,-77289.14612117714,-77423.13864516221,-77435.00979134784,-77443.30007420006,-77183.91147121039,-77095.09522424715,-76819.8188528811,-76867.70256460736,-76440.26610028838,-76669.89476604051,-76836.27087814233,-76488.74674522692,-75540.65871695262,-74694.80187116565,-72805.98590821378,-72296.28554310629,-70238.62638481807,-69130.09020305218,-68042.38973306344,-67964.44709796685,-68230.8556128079,-69239.47710466363,-70939.52582921591,-73949.2796890337,-76625.04414585406,-77233.40440693276,-77638.46166858729,-77801.69993830557,-77800.1091071122,-77553.64413793289,-77094.71833724793,-77031.82738486215,-75942.46189589385,-74998.42441690738,-72922.38667306266,-69274.67300408673,-66374.05444731364,-66221.63934709427,-61801.60144073279
"(27, 4)",-66379.49784375004,-73217.1829792593,-73071.8216766073,-73813.37406326974,-74295.54270439922,-74940.57555888394,-75155.90840941283,-75425.47687691162,-75681.30884923342,-75881.48629750944,-76015.7812374413,-76213.02198353597,-76179.04859865844,-76245.98186320896,-76654.62382501556,-76725.97522718852,-76638.0334505144,-76561.39571528629,-76486.9324862988,-76624.7477873086,-76393.86097708867,-76223.42345765136,-75787.28687968616,-76009.93582349078,-75356.2927309175,-73091.64009717404,-71463.31080381981,-71155.36209651102,-71048.39059184388,-70795.30247442483,-70854.47364184179,-72845.679451175,-73642.84862075197,-73918.23402106203,-74394.93694450025,-74606.00012850783,-75524.33053480924,-77440.01128035129,-77769.89279975573,-77869.58887057734,-77870.2035277939,-77862.672964055,-77825.15688610524,-77695.54364107673,-77560.41851742228,-76937.25855596346,-76349.60682992867,-74270.32631861925,-73726.57258712754,-73239.77187427632,-72602.03527028592,-72212.60758578601,-71706.7446744711,-72202.24951408546,-72718.89750609899,-73030.06498625861,-73679.99195596772,-74332.21679591713,-74507.8788228235,-75124.83689632859,-75960.64051954645,-76375.26344858843,-76298.52949071694,-76222.10688265366,-76090.91864059384,-75918.42647659557,-75881.96379529942,-76557.48822231912,-76325.16843166036,-75866.38461161609,-75904.43741910311,-75630.80665627823,-75342.70599308102,-75551.51818153451,-74620.16048328616,-74423.0704755972,-72997.95193980802,-71992.78472702854,-67035.6923596895,-66976.73093257831,-66928.40558655353,-66770.18763913991,-66792.14941763988,-66521.43535142866,-66415.30569706383,-66455.05093590841,-66587.67056938815,-67028.93544962756,-68538.20682646793,-72715.98721748048,-75996.34850880419,-77144.36097488781,-77252.993192545,-77004.26668882454,-76637.06217117219,-75287.91482679363,-72735.71769128935,-69126.64147334162,-66379.46235643882,-66379.0771294,-66377.43310717068,-66221.6393470943,-53277.24262132139,0.0
"(27, 8)",-66379.49784375004,-71113.07286602867,-71584.2027918342,-72526.45147784775,-72165.32442260334,-73025.5814982882,-73151.32457835309,-73617.71117820301,-74342.69864195854,-74875.84863727241,-75094.44923541369,-75117.51744975838,-74693.74201252151,-74436.90790656966,-74866.73550804459,-74459.34644943272,-74736.46932870294,-74443.3996739206,-73689.63270759501,-74015.9967551235,-73000.43972909864,-71101.18937471381,-71081.76597856294,-71148.8154518763,-71021.89663795766,-70716.12657305758,-69871.19018007015,-68943.76954164592,-69037.5548510235,-68833.78033662887,-68905.5402078274,-68357.16670047987,-68130.89141974572,-68499.49643281501,-71465.13102207381,-73354.57176956399,-74137.6451162745,-74564.09578847465,-75634.84762763829,-76123.48912368942,-75727.4824497665,-74210.25806844137,-74198.93588713685,-74153.02952093582,-74154.0279169278,-74067.92674291319,-73916.34270414009,-73587.85317221368,-72591.79389325417,-71412.1319810832,-70438.94486823397,-70341.74053548786,-69851.06640814179,-69491.15674643725,-70006.47656448273,-70694.40150025037,-71786.31466515489,-72761.29618383292,-72620.69799535086,-73066.598342754,-73988.73257960411,-74426.57394760649,-74525.13663327256,-74327.58789801592,-73852.09640501112,-73559.63008950114,-74104.02476161603,-74260.38711625605,-72807.97248806602,-73073.11982895639,-73609.2205891584,-72561.08818347374,-66856.70722751351,-66828.41122856019,-66846.77617856632,-66891.55594531109,-66908.24372750054,-66952.4740826852,-66902.3012496747,-66404.265080596,-66379.49784375004,-66379.49784375004,-66379.49784375004,-66379.49784375004,-66379.49784375004,-66379.49784375004,-66379.49784375004,-66379.49784903204,-66379.49784375004,-66379.58668684476,-66379.78769434654,-66380.43180678322,-66379.49784375004,-66379.49784375004,-66379.49784375004,-66378.6525673061,-66372.43198661336,-66368.21688112791,-66379.18558101474,-66357.1287853859,-66302.72718366417,-25504.914307974326,0.0,0.0
"(27, 12)",-66379.49784375004,-69309.58282606205,-69146.09388510838,-69415.74095266053,-69559.20087660234,-69910.98576959844,-70342.7165868515,-70618.35134713948,-70652.06818071535,-70457.1151419073,-70292.99983572535,-70399.97746802705,-70416.60109976523,-70423.66052710389,-70550.42961644531,-70664.682839527,-70593.40358678237,-70595.33472368808,-70489.17275800958,-70839.50848019938,-70877.51986698425,-70865.86525321692,-70707.61083599493,-70577.81916734777,-68647.00693492225,-68562.82057730152,-68378.50316911832,-67907.49286999855,-67463.77488702658,-67155.83022175716,-66719.27986525075,-66617.66550662761,-66526.56903044302,-66770.97815501754,-67269.62379210159,-68127.29096249679,-69873.67940681397,-73716.54405415023,-74085.31950918458,-74208.60592988071,-74211.06204811552,-74209.04046292603,-74196.96860355303,-74149.36675309658,-74110.82074015225,-73627.31956285716,-71898.87891621319,-70099.80637907254,-69557.86177904888,-68865.33557610933,-66571.87043797104,-66428.86973372594,-66420.74519820361,-66379.4980590206,-66379.49879901785,-66566.48223740027,-66569.78174965808,-66584.61975786487,-66574.0895501999,-66599.77027927722,-66648.46801475216,-66670.46071099731,-66703.46387467686,-66673.50112899598,-66754.67687399384,-66825.25298661637,-66727.21234049763,-66695.23781418912,-66695.02755219355,-66704.75515199796,-66721.27837562523,-66776.80803222425,-66766.81927935811,-66685.64571828482,-66379.49784375004,-66379.49784375004,-66379.49784375004,-66379.49784375004,-66379.49784375004,-66379.49784375004,-66379.49784375004,-66379.49784375004,-66379.49784375004,-66379.49784375004,-66379.49784375004,-66379.49784375004,-66379.49784375004,-66379.49784375004,-66379.49784375004,-66379.55226014556,-66379.56225499371,-66379.49784375004,-66379.49784375004,-66379.49784375004,-66378.33042554834,-66375.28370587507,-66372.4267610744,-66366.09717894525,-66367.26328863483,-51911.38119872961,-26293.099497725707,0.0,0.0,0.0
"(27, 16)",-66379.49784375004,-67847.38580917506,-67805.751268373,-68448.58996634153,-68438.34128014246,-68712.69801036162,-68703.36220751953,-68922.46244879843,-69200.10396124842,-69459.47739230715,-69493.74695421601,-69554.4815696248,-69595.94722775482,-69729.29310619454,-70060.3935722884,-69961.18526412417,-69124.60521692141,-68319.5897663123,-68390.94545586963,-68541.79481202134,-68522.26909345592,-68529.89675276043,-68621.88911334648,-68623.56671457403,-68215.2892294926,-66892.59894259663,-66831.72182164677,-66566.82858532415,-66379.49797057267,-66379.4978520101,-66379.49784375004,-66379.49787405979,-66379.49784375004,-66379.49784375004,-66379.49791197966,-66419.32401794329,-66956.96418143781,-69656.96872104915,-72049.01498951098,-72875.22530404213,-73035.44215657677,-72537.50592456391,-67999.13367225304,-66379.87399699162,-66379.83458511693,-66379.88961099122,-66380.33077478307,-66380.89183996714,-66382.09022064126,-66383.71905870234,-66389.65695927851,-66379.49819136862,-66379.49802516997,-66379.4980590206,-66379.49879901785,-66460.52401469433,-66471.71638680728,-66476.87580300398,-66501.90008720219,-66524.9542594465,-66532.07299202804,-66541.86867418402,-66530.27831329331,-66495.70868568399,-66575.35289713964,-66528.36118459803,-66390.38542893759,-66379.49784375004,-66379.49784375004,-66379.49784375004,-66379.49784375004,-66379.49784375004,-66379.49784375004,-66379.49784375004,-66379.49784375004,-66379.49784375004,-66379.49784375004,-66379.49784375004,-66379.49784375004,-66379.49784375004,-66379.49784375004,-66379.49784375004,-66379.49784375004,-66379.49784375004,-66379.49784375004,-66379.49784375004,-66379.49784375004,-66379.49784375004,-66379.49784375004,-66379.50006482741,-66379.49784375004,-66379.49784375004,-66379.49784375004,-66378.8109004046,-66377.3444166911,-66373.73723437582,-66371.95538978996,-64379.07984283729,-54530.83383149939,-38135.85911570694,-14587.927042916652,0.0,0.0,0.0
"(27, 20)",-66379.49784375004,-66379.49784375004,-66379.49784375004,-66379.49784375004,-66443.28084110524,-66465.03309713396,-66504.11842502153,-66587.95141724157,-66699.25415111908,-66764.02188608685,-66859.76155332198,-66968.04530404742,-67016.20862417157,-67139.85571337714,-67357.76543759873,-67373.5423542472,-67545.71000420843,-67733.85809478357,-67899.06000289657,-66529.8954889021,-66379.49792239274,-66379.4979315689,-66379.49793905811,-66379.49796092384,-66379.49795816136,-66379.49796050556,-66379.49794000782,-66379.49784375004,-66379.49784375004,-66379.49784375004,-66379.49784375004,-66379.49784375004,-66379.49784375004,-66379.49784375004,-66379.49784375004,-66379.49784375004,-66379.49916256427,-66379.5333737314,-66379.57710293925,-66379.66200577606,-66379.71434523273,-66379.7305288697,-66379.7488680032,-66379.76295415784,-66379.83398411088,-66379.88961099122,-66379.89253209822,-66380.05133841661,-66380.14112553978,-66379.86196721846,-66379.49802550329,-66379.49784375004,-66379.49784375004,-66379.49784375004,-66379.49784375004,-66379.49894968713,-66379.49933945789,-66379.49997917109,-66379.50182732944,-66379.51018211977,-66379.52143727029,-66379.53578652996,-66379.56155170336,-66379.59436068259,-66379.90049734677,-66379.49784375004,-66379.49784375004,-66379.49784375004,-66379.49784375004,-66379.49784375004,-66379.49784375004,-66379.49784375004,-66379.49784375004,-66379.49784375004,-66379.49784375004,-66379.49784375004,-66379.49784375004,-66379.49784375004,-66379.49784375004,-66379.49784375004,-66379.49784375004,-66379.49784375004,-66379.49784375004,-66379.49784375004,-66379.49784375004,-66379.49784375004,-66379.49784375004,-66379.49784375004,-66379.49784375004,-66379.49784375004,-66379.49784375004,-66379.49784375004,-66379.00789694494,-66378.55707046104,-66376.6119654155,-65792.76338317097,-64051.50475552935,-58311.314906816726,-47082.30340925356,-28770.456058302763,-7996.537068405449,0.0,0.0,0.0
"(36, 0)",-66379.49784375004,-75007.08527507256,-75052.82035268462,-75385.26577225079,-75286.78666634357,-75644.13818729566,-75800.71364859586,-75926.0048134973,-76469.56352586063,-76800.84749015907,-76901.92737340227,-76991.94914276896,-76896.13691329751,-77052.82518445782,-77302.22223106556,-77311.0954596469,-77267.71407908587,-77156.3706768761,-77057.27591190582,-77236.22272083774,-77002.94356197599,-76539.88249921036,-76753.15846013544,-76798.88418127155,-76204.77185950392,-75296.1807519319,-74302.39606557955,-74625.38796278992,-75036.6847200345,-74545.0666450235,-74534.02584461133,-74525.06015721707,-74641.34509025504,-74799.50876380558,-75783.58702640505,-77018.91582475296,-77650.39813468463,-77779.78433484248,-77799.46994743019,-77836.08138168663,-77852.93770684987,-77834.43138067784,-77761.96780646373,-77663.04251258902,-77618.3696689615,-77145.7844605736,-76634.0436801496,-76189.63931745477,-75444.35863190542,-74779.95708648393,-73823.21397309023,-73422.5663673116,-72666.04656968276,-72963.77294534293,-73687.58334863228,-75289.08443576324,-75547.35353051979,-75819.31186115518,-75780.10223996316,-75949.57765838676,-76264.70820773253,-76534.55972669262,-76950.65668061143,-77051.45566145054,-76970.82263998169,-76864.40031509328,-76855.08569075087,-77079.44917488188,-76997.47803834335,-76825.9073567793,-76403.99170419658,-76462.4463690759,-76228.81853470553,-76098.535127006,-75692.35394062585,-76143.32710888694,-74835.80123763488,-73994.90477539328,-72159.65314217847,-70498.31499515411,-68692.61082291057,-68189.47266942158,-67707.49902522693,-67475.18637361017,-67384.66940402443,-67529.75465731745,-68464.02752195665,-71435.73450005362,-74204.46817893024,-76093.96840404684,-76659.99709007533,-77012.45069659251,-77434.08437153726,-77361.04282683211,-76620.11728327346,-75947.76579014296,-75012.62614777093,-73982.6347480748,-71525.26211307615,-68675.67124677572,-66379.49784375004,-66374.05444731364,-66221.63934709427,-61801.60144073279
"(36, 4)",-66379.49784375004,-72401.57514665826,-72375.84003576978,-73478.43924020058,-73929.94600419309,-74635.59136312854,-74558.89890192857,-74882.54396815335,-75053.6062169904,-75212.96934824447,-75435.89785368949,-75673.46797177584,-75522.67017264711,-75878.93949371093,-76336.61647757559,-76380.62348199639,-76209.73698364748,-76026.71044648983,-76024.9123101577,-76167.33610027132,-75800.42206701089,-74701.85966975475,-74984.7302720724,-74769.00673191158,-72768.1435726103,-71415.31416786155,-70999.3433228895,-70466.47727687858,-70067.27615487331,-69729.26448036628,-71852.40396992379,-72704.89572446219,-73461.23595072851,-73753.16659206648,-74223.20972375092,-74395.41980823655,-75111.0585190364,-76978.1826060161,-77546.75795049628,-77818.11865667874,-77819.31785399285,-77784.73145928435,-77678.61471387952,-77204.60475235815,-76795.28701514436,-75737.11881830115,-73971.63418648433,-73525.60924805596,-72937.39903796796,-72265.45940172729,-71511.28738401952,-71194.88777852268,-71228.39527230099,-71494.2739986045,-71510.15509412767,-72114.77246581145,-72316.11642246766,-73735.71234822487,-74124.26692077778,-74419.75573969378,-75011.4186299896,-75236.1827870438,-75471.66472170141,-75373.20960497233,-75036.65808602437,-74749.85694648072,-75891.12177458867,-75877.45716325876,-75604.52683090068,-75366.53942490178,-74984.72736258259,-74764.45940835074,-74554.219816534,-73315.22136022808,-72583.66028399458,-72376.71991619821,-71104.66797413392,-67018.89541267294,-66927.2732094762,-66736.92314027494,-66541.16258666996,-66379.49784375004,-66454.57432665066,-66395.54964006314,-66395.12951798971,-66393.85458344923,-66401.89224395271,-66602.81256610018,-68058.13758984499,-71310.78661294826,-74803.0639681011,-76145.06235395755,-76216.36209748001,-76119.04026914375,-74133.4932750124,-71341.59101774143,-68463.53389602038,-66379.4692599561,-66379.38334695344,-66379.31014042464,-66374.0544473136,-66221.6393470943,-53277.24262132139,0.0
"(36, 8)",-66379.49784375004,-70827.41956970876,-71025.13492348648,-71324.77726673863,-71482.36381050762,-71995.08471600112,-72238.69003285292,-72700.66026084196,-73526.04052575125,-74089.28724864183,-74139.1346629361,-73770.19621179256,-73107.77554314076,-73628.6997654571,-73984.9037946678,-73972.64233403697,-73807.7612190287,-73211.44732961923,-73076.66421991834,-72517.15609563435,-71881.32522629209,-71681.75034172415,-70908.13275164917,-70776.93847833313,-70411.32159871637,-69728.12709449064,-68830.28446534589,-68467.42668425223,-68423.41851515432,-68454.75630145417,-67989.77250906195,-67591.07943301003,-67363.23900569903,-68676.81246996296,-71865.271006441,-73365.34179977924,-74228.89013684898,-74450.95625800069,-74742.09784331726,-76087.66104969625,-75690.24370320629,-74183.05362841726,-74140.66104080898,-74067.6150665858,-73976.43394942736,-73714.44191376687,-73121.94159270648,-72159.570769222,-70989.13359128003,-70049.13716949512,-69357.80700558462,-68882.24141253716,-68389.51424001432,-68038.86812251511,-68354.82298989328,-69652.99418263337,-70424.61504535514,-70960.25046953026,-70897.70571691779,-71579.45808795502,-72690.34405748948,-73050.9410654483,-73225.03120015096,-72990.32989122669,-72392.72306086506,-71949.49503847717,-72276.07138466483,-71365.85595652806,-71874.72993358882,-71804.31356021397,-71150.64988907456,-70751.28160179328,-66815.55437383911,-66805.98982002903,-66824.05413454922,-66882.98648943754,-66872.04399256148,-66917.95568073395,-66382.05997169961,-66379.49784375004,-66379.49784375004,-66379.49784375004,-66379.49784375004,-66379.49784375004,-66379.49784375004,-66379.49784375004,-66379.49784375004,-66379.49784375004,-66379.49784375004,-66379.50228590477,-66379.49784375004,-66384.12291984266,-66379.49784375004,-66379.49784375004,-66379.49784375004,-66379.49360608382,-66370.79474593478,-66379.32432636333,-66378.42451997857,-66337.7823978135,-66221.63934709433,-22045.75556744333,0.0,0.0
"(36, 12)",-66379.49784375004,-68647.36362178193,-68587.70296042945,-68686.51749379837,-69049.00157631976,-69712.55266011589,-69703.8517519073,-69811.97551363695,-69854.13199213089,-70002.1570101647,-70149.32850259423,-70209.28141932547,-70356.95875096948,-70221.74613078377,-70453.65410907398,-70500.5204125361,-70463.7821449288,-70291.84820548084,-70309.86805876205,-70701.35013363647,-70590.64281947869,-70581.3564879976,-70402.90643021639,-69788.94751871048,-68477.10157520945,-68295.04218427229,-67804.17212771217,-67173.33961997012,-66824.7880571817,-66543.53054378483,-66379.49784375004,-66425.14062582716,-66406.49648590643,-66440.88584018809,-66778.57586228137,-67502.6504135111,-70289.78834598005,-73166.7305978223,-74059.85317639101,-74188.78714923766,-74190.84933702226,-74182.73013394387,-74135.97037094469,-73972.21886963096,-73721.12656842488,-72868.60053112837,-70667.57677598178,-69109.68815074666,-68058.17909580425,-66541.69678553418,-66408.44003049444,-66396.56575834946,-66379.49784375004,-66379.49784375004,-66379.49826324344,-66491.11068453963,-66514.35182895199,-66504.07096580783,-66523.80521242661,-66565.54330344875,-66635.68410777085,-66671.42698844695,-66693.70552400805,-66777.06091686497,-66941.33194412092,-66896.16282761854,-66726.2557164895,-66654.31043655369,-66658.12896989993,-66694.44018394517,-66690.22265706402,-66649.69328342372,-66630.83007169496,-66443.95002786262,-66379.49784375004,-66379.49784375004,-66379.49784375004,-66379.49784375004,-66379.49784375004,-66379.49784375004,-66379.49784375004,-66379.49784375004,-66379.49784375004,-66379.49784375004,-66379.49784375004,-66379.49784375004,-66379.49784375004,-66379.49784375004,-66379.49784375004,-66379.49784375004,-66379.49784375004,-66380.38706770995,-66379.49784375004,-66379.49784375004,-66379.05858602635,-66372.85336786263,-66370.60435301409,-66374.47962779293,-66189.63671128191,-47275.24578583717,-1002.8976072952385,0.0,0.0,0.0
"(36, 16)",-66379.49784375004,-67068.03397977493,-67620.59626888885,-67883.30074892848,-67902.49415597827,-68179.79540316021,-68084.59289056166,-68325.21990575752,-68633.52041756024,-68964.20078774191,-69061.63802051256,-69069.42899366046,-68836.64666492207,-69258.5451603843,-69495.77458316422,-69391.87546182591,-68671.31970979892,-68246.8423473827,-68365.1244016266,-68489.399435462,-68463.44944523403,-68251.0610088513,-68335.73250942279,-68425.08786885525,-67996.69451500215,-66784.9400335411,-66405.33657277402,-66379.49793144964,-66379.49784602868,-66379.49784375004,-66379.49784375004,-66379.49784375004,-66379.49784375004,-66379.49784375004,-66382.76813509528,-66474.33629276183,-66741.63929102564,-67824.41586326211,-69591.83285153698,-72890.76765258238,-73368.85062619252,-72797.30257567341,-68523.17598090315,-66379.85495988393,-66379.92991695642,-66380.07644480559,-66381.53723286693,-66382.7443103286,-66384.36281913794,-66386.45127145367,-66379.49808885109,-66379.49796261139,-66379.49784375004,-66379.49784375004,-66379.49826324344,-66401.75769837874,-66427.60865005926,-66444.14673237257,-66460.6960134755,-66443.16926420755,-66467.8598100568,-66466.03490920381,-66478.63501962191,-66527.0734145201,-66468.49878698756,-66403.93619126384,-66571.51796678719,-66379.49784375004,-66379.49784375004,-66379.49784375004,-66379.49784375004,-66379.49784375004,-66379.49784375004,-66379.49784375004,-66379.49784375004,-66379.49784375004,-66379.49784375004,-66379.49784375004,-66379.49784375004,-66379.49784375004,-66379.49784375004,-66379.49784375004,-66379.49784375004,-66379.49784375004,-66379.49784375004,-66379.49784375004,-66379.49784375004,-66379.49784375004,-66379.49784375004,-66379.49784375004,-66379.49784375004,-66379.49784375004,-66379.49784375004,-66378.48107944036,-66374.11043924835,-66371.31721286493,-66368.02513565001,-61030.363006917476,-39644.23360871975,-16029.602940882096,0.0,0.0,0.0,0.0
"(36, 20)",-66379.49784375004,-66379.49784375004,-66379.49784375004,-66379.49784375004,-66379.49784375004,-66379.49784375004,-66379.49784375004,-66379.49784375004,-66484.56608105237,-66561.66683703594,-66663.18526252483,-66773.47189289542,-66667.90944947068,-66815.08738119104,-67113.02650752409,-67103.35366748282,-67451.34055930543,-67479.87044175266,-67870.73713221299,-67044.49586381842,-66379.49791339946,-66379.49792747965,-66379.49793714078,-66379.4979488095,-66379.49793856221,-66379.49784375004,-66379.49784375004,-66379.49784375004,-66379.49784375004,-66379.49784375004,-66379.49784375004,-66379.49784375004,-66379.49784375004,-66379.49784375004,-66379.49784375004,-66379.49784375004,-66379.49784375004,-66379.50604297651,-66379.56020501592,-66379.66267938209,-66379.71548293967,-66379.73316871234,-66379.75822181736,-66379.8055783363,-66379.92631092016,-66380.05901563038,-66380.36732398746,-66380.10351632367,-66379.7238514201,-66379.49784375004,-66379.49784375004,-66379.49795009967,-66379.49784375004,-66379.49784375004,-66379.49784375004,-66379.49784375004,-66379.49784375004,-66379.49784375004,-66379.49784375004,-66379.50595066127,-66379.50961909554,-66379.52551337687,-66379.54150519488,-66379.77671444698,-66379.52343025933,-66381.44400280094,-66379.49784375004,-66379.49784375004,-66379.49784375004,-66379.49784375004,-66379.49784375004,-66379.49784375004,-66379.49784375004,-66379.49784375004,-66379.49784375004,-66379.49784375004,-66379.49784375004,-66379.49784375004,-66379.49784375004,-66379.49784375004,-66379.49784375004,-66379.49784375004,-66379.49784375004,-66379.49784375004,-66379.49784375004,-66379.49784375004,-66379.49784375004,-66379.49784375004,-66379.49784375004,-66379.49784375004,-66379.49784375004,-66379.49784375004,-66378.81192531556,-66376.67531790982,-66373.58073062847,-65319.34958812205,-60194.75945002535,-47064.63995454739,-28173.47539526355,-7664.204964158467,0.0,0.0,0.0,0.0
"(45, 0)",-66379.49784375004,-74622.65602608399,-74598.15054445577,-75038.44975428254,-75053.1519864218,-75586.12824960599,-75525.68010692457,-75866.51046731068,-76331.85643195288,-76579.56399836615,-76726.77906064219,-76693.94776530223,-76792.59481789432,-76935.97314835967,-77116.23879419704,-77153.66847249634,-77031.47675115037,-76865.0185235036,-76521.97903843432,-76690.5477081092,-76321.4541523207,-76292.41684387403,-75856.09545954119,-75936.67733872464,-74786.91496231561,-73831.4959909666,-74422.82611769681,-74254.39212933807,-74408.15178956988,-74148.01356420806,-74311.14372690229,-74415.16848507548,-74590.45910287528,-74767.6627801051,-75778.9127476831,-77013.61171752974,-77638.9689867917,-77753.18715887501,-77757.88023643137,-77764.139360263,-77770.59349219278,-77700.16794421832,-77477.1606543748,-76702.6498095695,-76411.28439976295,-76080.75937239814,-75586.0726822992,-75068.1079592864,-74399.87086420595,-73677.70704187769,-72979.27377205741,-72460.38041043698,-72492.69316045458,-73055.81452849714,-74158.95019120802,-75080.55773696571,-75267.04878457563,-75330.61906613536,-75210.03520116926,-75522.01716005013,-76095.99226199127,-76536.63303009282,-76810.34104210862,-76662.99321917743,-76542.65345073538,-76497.36323981376,-76583.4701261043,-76588.19309210726,-76540.96790600306,-76190.27319735535,-75629.26211689704,-75918.67636528701,-75630.48863233728,-75193.64523731307,-74158.64771698255,-74594.08511130401,-73083.35932173624,-71559.51137097811,-69998.08604229422,-67812.31283806254,-67434.12226441343,-67066.39500658294,-67193.85969538137,-66937.18007738247,-66875.5744577412,-66743.60666231715,-68092.30136333195,-70886.71234532213,-74078.44904702372,-75781.62049569869,-76051.43749712294,-76529.23366512748,-76536.71433192836,-76177.86739367153,-75195.08986122282,-73765.00559627448,-72956.3039315039,-70343.30478009851,-67883.88731469787,-66379.49784375004,-66379.49784375004,-66374.05444731364,-66221.63934709427,-61801.60144073279
"(45, 4)",-66379.49784375004,-71748.93467906376,-72126.12085407284,-73234.35672487608,-73458.61385477455,-74128.27270331157,-73978.27374463005,-74179.50082798673,-74576.12376317097,-74877.31992301774,-75177.81199905062,-75083.99190546462,-75258.67045990602,-75549.98262052792,-75841.9907261013,-75902.51669497897,-75573.35209997694,-75282.55975106587,-75764.18663601381,-75385.44441635776,-74296.12808339339,-73917.4452694561,-72362.28159449766,-72612.72298419708,-71265.74455128243,-70861.50637262972,-70314.59202564068,-69493.08612199232,-69150.6108245414,-71400.41364741794,-72079.16944247788,-72567.0930029824,-73370.2295701172,-73682.5586815113,-74148.89764235383,-74257.65121334161,-75048.20315699202,-76925.10541127106,-77497.01185429873,-77727.83644203962,-77713.19941612716,-77554.2393202222,-77077.46697786926,-76114.03943645285,-75158.91349156314,-73579.22659502509,-73164.4507295627,-72598.22456062087,-71844.5034998496,-71266.31950950519,-70605.15799628777,-70843.56756362377,-70550.65430676007,-70533.48467979212,-70749.29196710081,-71024.15310591509,-71722.01435639928,-73648.002537278,-73576.36393604075,-73871.5841926805,-74313.36330434297,-74409.28817156886,-74685.64231649133,-74265.46230686404,-74038.13808610616,-74140.40860374532,-74936.25686468925,-74741.26545057137,-74641.65836822573,-74467.76088814357,-74012.90130882614,-73820.42306445952,-72619.66474288305,-71874.42551001337,-71965.74511005734,-70384.85696619685,-66965.20938527523,-66865.9792084044,-66699.9481095999,-66468.69218467135,-66379.49784375004,-66379.49784375004,-66387.24698679776,-66383.8100297472,-66380.98302371893,-66379.49784375004,-66402.59936675178,-66553.1502312771,-66929.33968201873,-69568.5805057084,-73943.12433855905,-74989.66823489057,-74669.66114030205,-72622.85886485351,-70150.91164822987,-67888.6208461578,-66379.4661724414,-66379.4502425746,-66379.49137122158,-66379.31014042466,-66374.0544473136,-66221.6393470943,-53277.24262132139,0.0
"(45, 8)",-66379.49784375004,-70115.60348663217,-70313.77323305269,-70352.71794099786,-70505.2413500586,-71406.79568045115,-71360.74165881045,-71841.80054844246,-72728.33626577067,-73085.88905853176,-72937.88994293188,-72318.05079828342,-72461.83170776407,-72733.9650678493,-72862.31675994261,-72873.4096046743,-72809.57994220633,-72636.4473574306,-72654.14633633372,-71482.8034830348,-71124.12334050106,-70656.85475941839,-70257.95197194774,-70257.95197194778,-69309.04687595725,-68739.21867276194,-68371.57435985493,-68008.58730075108,-68055.91210455832,-67691.79825333013,-67354.70093901404,-66794.01105342725,-67092.45755533337,-68836.05096879846,-71857.76995758318,-73331.41922878506,-74131.16290235755,-74203.59714256642,-74150.10682701977,-75411.82528469,-75352.74141908696,-74118.85333702806,-74187.18070350046,-75185.12633593229,-73537.91642109845,-72751.39549704161,-71535.60199938601,-70471.08971123159,-69673.28510816622,-68959.16619164128,-68031.73657403176,-67446.32717966805,-66845.80137607029,-66856.3004652329,-67282.53131654546,-68241.49845511773,-69011.27094234152,-69383.01657081452,-69089.08524415903,-69806.71859116609,-70913.37806592464,-71552.59368561044,-71896.05236059324,-71227.32720298387,-70344.69928766771,-69610.24438430094,-68601.58011339544,-67897.90762042836,-70466.6391584522,-69799.04605526887,-66795.48198014517,-66812.7723461258,-66848.82170984244,-66779.64238156768,-66757.58275873825,-66801.20794123688,-66787.98309939304,-66380.38133614643,-66379.49784375004,-66379.49784375004,-66379.49784375004,-66379.49784375004,-66379.49784375004,-66379.49784375004,-66379.49784375004,-66379.49784375004,-66379.49784375004,-66379.49784375004,-66379.49784375004,-66379.49784375004,-66379.49784375004,-66716.75708057483,-66406.58277171219,-66688.74587068778,-66379.49784375004,-66378.31280455375,-66379.45687964317,-66379.40942177679,-66378.5852172369,-66358.28736798053,-66221.63934709433,-22045.75556744333,0.0,0.0
"(45, 12)",-66379.49784375004,-68088.47987823015,-68168.48233720608,-68544.38630969494,-68953.77615589078,-69271.59795132562,-69060.7881935781,-69235.37106825315,-69605.81975660844,-69808.00503238552,-69963.98408704836,-69963.35020396102,-70054.03660260713,-70103.34258702559,-70245.76954249511,-70319.71283930367,-70185.24815405357,-70093.39588087941,-70088.78819995715,-70397.70193347616,-70225.98024392227,-69859.10545853502,-69377.55081295414,-68434.26385688956,-68168.15186794676,-67706.95057329936,-67106.79669139448,-66605.38804373295,-66458.68604376684,-66379.49784375004,-66379.49784375004,-66383.22179439232,-66379.49784375004,-66379.49784375004,-66504.84251605817,-67343.63418941181,-70265.73514675732,-73153.30065953765,-74037.72987800017,-74150.10682701982,-74138.99303528614,-74083.96987556617,-73898.03534805648,-73541.954444499,-72876.5846646545,-70975.43431657852,-68514.06155336204,-67572.32490790151,-66492.64893478437,-66399.45801835968,-66388.32609183405,-66379.49784375004,-66379.49784375004,-66379.49784375004,-66379.49784375004,-66436.63476773784,-66444.31538004389,-66432.68743605078,-66504.55998355277,-66540.52039696953,-66637.88599418601,-66714.97958065149,-66803.98004968236,-67019.41403809903,-67268.57600707453,-67516.93004017539,-67328.52758500722,-66608.19560154401,-66632.55506624095,-66618.02603356763,-66524.29013685654,-66562.0620394061,-66468.73688212599,-66379.49784375004,-66379.49784375004,-66379.49784375004,-66379.49784375004,-66379.49784375004,-66379.49784375004,-66379.49784375004,-66379.49784375004,-66379.49784375004,-66379.49784375004,-66379.49784375004,-66379.49784375004,-66379.49784375004,-66379.49784375004,-66379.49784375004,-66379.49784375004,-66379.49784375004,-66379.49784375004,-66381.3657698164,-66379.49784375004,-66379.49784375004,-66378.66355565493,-66373.17884775069,-66379.1461848341,-66378.46330897194,-66183.36505439301,-61654.6297369499,0.0,0.0,0.0,0.0
"(45, 16)",-66379.49784375004,-66679.07332568012,-67117.55920263278,-67175.21663822696,-67410.22207566266,-67568.30055688649,-67457.50846830533,-67646.1859497539,-68169.82617299954,-68402.34805954358,-68323.43879799165,-68251.0230011761,-68436.1616738755,-68673.46903888999,-68589.52041560454,-68433.9009560332,-68212.31011918515,-68391.16066169982,-68276.42077348832,-68399.26698322706,-68277.32030541381,-68166.40852391427,-68086.11308397245,-67808.49429971946,-66729.01697288024,-66387.51676778788,-66379.4979223773,-66379.49784414291,-66379.49784375004,-66379.49784375004,-66379.49784375004,-66379.49784375004,-66379.49784375004,-66379.49784375004,-66379.98835909097,-66386.61031619339,-66413.87479389284,-66711.80836179698,-68894.76643188299,-70891.17530545169,-71553.6671239131,-71044.93881921991,-67694.14274809639,-66541.32850195753,-66379.98060776501,-67098.42438321687,-66383.4139233304,-66384.29008701726,-66385.15934179736,-66379.49805860563,-66379.49791342737,-66379.49784375004,-66379.49784375004,-66379.49784375004,-66379.49784375004,-66379.49784375004,-66403.49832462697,-66409.30164982517,-66384.73071164243,-66403.90817171398,-66403.68674412048,-66393.17193697374,-66447.32746648282,-66422.46381634744,-66387.1492674285,-66522.33520581957,-66713.05849589202,-66379.49784375004,-66379.49784375004,-66379.49784375004,-66379.49784375004,-66379.49784375004,-66379.49784375004,-66379.49784375004,-66379.49784375004,-66379.49784375004,-66379.49784375004,-66379.49784375004,-66379.49784375004,-66379.49784375004,-66379.49784375004,-66379.49784375004,-66379.49784375004,-66379.49784375004,-66379.49784375004,-66379.49784375004,-66379.49784375004,-66379.49784375004,-66379.49784375004,-66379.49784375004,-66379.49784375004,-66379.49784375004,-66379.49784375004,-66379.30703543974,-66372.98459164027,-66371.49658927822,-66335.92305578076,-66188.12286306736,-14117.788710268866,-311.24408502266016,0.0,0.0,0.0,0.0
"(45, 20)",-66379.49784375004,-66379.49784375004,-66379.49784375004,-66379.49784375004,-66379.49784375004,-66379.49784375004,-66379.49784375004,-66379.49784375004,-66379.49784375004,-66379.49784375004,-66379.49784375004,-66379.49784375004,-66379.49784375004,-66379.49784375004,-66512.68129441005,-66379.49784375004,-66379.49784375004,-66379.49784375004,-66423.26535960703,-66439.26900046799,-66379.49784375004,-66502.85674770665,-66937.16995264938,-66379.49792111787,-66379.49784375004,-66379.49784375004,-66379.49784375004,-66379.49784375004,-66379.49784375004,-66379.49784375004,-66379.49784375004,-66379.49784375004,-66379.49784375004,-66379.49784375004,-66379.49784375004,-66379.49784375004,-66379.49784375004,-66379.49784375004,-66379.49784375004,-66379.6651789052,-66379.72010132027,-66379.73928174924,-66379.75252064904,-66379.90390194654,-66379.97519871063,-66379.93748109681,-66380.00328983144,-66379.49784375004,-66379.49784375004,-66379.49784375004,-66379.49784375004,-66379.49784375004,-66379.49784375004,-66379.49784375004,-66379.49784375004,-66379.49784375004,-66379.49784375004,-66379.49784375004,-66379.49784375004,-66379.49784375004,-66379.49784375004,-66379.49784375004,-66379.49784375004,-66379.49784375004,-66379.49784375004,-66379.49784375004,-66379.49784375004,-66379.49784375004,-66379.49784375004,-66379.49784375004,-66379.49784375004,-66379.49784375004,-66379.49784375004,-66379.49784375004,-66379.49784375004,-66379.49784375004,-66379.49784375004,-66379.49784375004,-66379.49784375004,-66379.49784375004,-66379.49784375004,-66379.49784375004,-66379.49784375004,-66379.49784375004,-66379.49784375004,-66379.49784375004,-66379.49784375004,-66379.49784375004,-66379.49784375004,-66379.49784375004,-66379.49784375004,-66379.49784375004,-66379.38781270909,-66373.48928194736,-66372.26374058351,-64616.92869211865,-49495.223710718245,-28929.204750895387,-8245.406470536698,0.0,0.0,0.0,0.0,0.0
