State,1,2,3,4,5,6,7,8,9,10,11,12,13,14,15,16,17,18,19,20,21,22,23,24,25,26,27,28,29,30,31,32,33,34,35,36,37,38,39,40,41,42,43,44,45,46,47,48,49,50,51,52,53,54,55,56,57,58,59,60,61,62,63,64,65,66,67,68,69,70,71,72,73,74,75,76,77,78,79,80,81,82,83,84,85,86,87,88,89,90,91,92,93,94,95,96,97,98,99,100,101,102,103
"(0, 0)",19581013.92113328,23974541.476316523,23793193.844802056,23716195.056043424,23523831.036025044,23370902.13842486,23147165.442371562,22994613.60938341,22744582.289574035,22519972.263870448,22332356.968471225,21909526.20782269,21541469.710984502,21208952.750740398,20872009.95171025,20618890.848158486,20086194.529934336,19669231.552782502,19228240.50326949,18876014.241742726,18436601.276628207,17977524.136427168,17539304.788423564,17227445.37995269,16661929.133626781,16260426.318656776,15764313.607242335,15399955.220351966,15045704.095847812,14645327.1812884,14322391.916490667,14054773.987928944,13896527.692341859,13818843.868861252,13896281.856660457,14028315.695379175,13914887.177886404,14058912.04752078,14130907.311838234,14143152.368680881,14130934.532216946,13906603.420178954,13665488.845417332,13431955.441944245,13222975.084372345,12992775.43922952,12775829.532712856,12581759.562079517,12344164.004401062,12125761.768148853,11989404.14469139,11806814.804608867,11631072.276326446,11355108.44200015,11285646.333094534,11199989.438772814,11209750.87156841,10967307.332576172,10769106.763610661,10579909.373676179,10382827.18646606,10168258.627949862,9868497.895505425,9525625.228890354,9106050.502022771,8747310.940859739,8400096.66259719,8005000.56386458,7625121.965106845,7340935.824758342,6914643.342911975,6538697.60272736,6126912.131307109,5694557.40562024,5282282.92640296,4887843.594743779,4442258.045702057,4009957.7212669556,3556761.3668553205,3205804.8469114616,2879261.2316098493,2519739.463063118,2184917.332775982,1917102.975088965,1743382.398018204,1623839.8425385044,1628131.4917793842,1778316.655945908,1918517.3572081474,2101496.7486109603,2057179.7433453142,2019399.7008091956,2147440.6542655076,1933122.6256426813,1703278.1315360037,1500518.4331576058,1337127.1075803158,1144447.4472021037,945255.306512511,762532.9681348879,597883.8341627768,375906.7444901618,171479.82272757738
"(0, 4)",19581013.92113328,23662968.328334548,23481620.696816232,23404621.908047263,23212257.888019755,23059328.990411744,22835592.29434884,22693929.64687807,22433009.141496286,22208399.115724154,22178134.471615054,21627184.7084705,21261347.53737966,20979840.732470684,20568092.15049175,20366338.24663483,19779884.068352375,19360417.09591107,18919170.97515344,18564441.223191194,18124734.302480467,17665949.46249997,17227614.055612955,16981794.359971356,16348977.33742499,16017352.003389431,15520511.588925784,15148127.217631184,14796408.557869803,14397712.893655997,14073202.537046023,13800472.82544239,13630866.126525529,13544666.786388256,13606672.682434319,13717611.419977749,13630179.586564433,13747587.215560772,13819555.2877709,13830414.087573305,13807632.939148547,13763611.518749915,13379975.239655571,13099914.266527234,12886502.53633469,12680819.629919585,12463021.792812109,12268571.050196873,12032623.59010185,11856790.034502514,11728221.72648753,11551806.980438923,11324343.056414036,11154481.158791319,10971425.104493955,10889425.7101801,10898468.693770789,10655729.876270475,10457533.61558289,10268336.225652182,10087186.281169765,9856685.479918584,9556924.747458061,9247670.386150362,8797036.90503843,8457162.13492713,8113539.404911318,7742594.759002016,7411805.128437148,7091048.679242948,6662968.287888618,6286262.230512303,5878496.02221498,5444592.161289728,5030849.269922019,4640952.049258703,4195099.3521834025,3765460.7186237355,3310995.2786367927,2953829.289562412,2628071.9680272494,2273467.295161556,1938867.3148756057,1666830.5991219857,1493864.3323745714,1364232.6671407237,1352040.695020996,1491101.2241605213,1624441.747721091,1809476.2541499147,1914772.7802628798,1816750.2082822274,1887111.3976312822,1682659.8236125761,1456830.3846455703,1250966.5962601618,1088104.2550370651,894124.5830168936,700210.1557328157,539324.9507438737,403303.7000607322,218056.81525339803,127942.43986421186
"(0, 8)",19581013.92113328,23351395.272992063,23170049.221013,23364061.789324168,22900684.740048915,22747755.842424944,22524019.146357466,22367465.764527664,22121831.379699197,21896825.96765893,21773043.452617317,21479845.19098103,20938589.60075224,20609730.92827876,20255001.02675777,20054765.30766151,19475449.09032879,19048844.27596573,18607598.15870682,18252868.406722043,17813161.485999852,17361090.374167576,16916041.239124622,16670221.543483026,16072252.446804095,15705778.911930125,15208938.558650982,14836554.244325656,14484835.625554962,14086140.007139044,13761629.390072903,13488899.678549917,13319292.979791416,13233093.639920615,13295099.535850132,13420587.525875255,13323295.193244232,13436014.067731773,13507982.139941897,13518840.939744307,13492146.992229383,13452152.469225092,13041647.60779935,12788341.118747117,12574929.388554005,12369320.933531726,12151448.645007037,11987607.084087145,11721050.442392405,11645936.588074235,11416432.967581885,11240710.81294995,11015027.876767496,10933093.737677597,10700479.37702849,10580018.683778537,10545541.492275361,10344156.728248753,10145960.467558397,10018315.665348172,9770579.950600063,9545112.331890926,9245351.599430334,8883397.522089029,8491098.912502768,8140296.399432283,7797098.619209602,7383098.406400197,7203587.908590369,6779475.563508661,6351395.300307843,5974689.523412909,5566924.146262634,5133036.743463682,4719458.934485295,4329858.278403108,3884323.061594821,3455084.5142993145,3005222.1569110276,2652667.0022356757,2330995.689390989,1980595.3927422324,1648173.4133610418,1376944.310155719,1205583.8705158453,1077838.4797852,1062409.2864075948,1187243.0762886547,1316371.6303139273,1498691.8009414757,1603368.914549826,1645302.1848628775,1575602.289797246,1371154.73970233,1149666.1474732189,994512.5741755911,873073.6993820812,731334.0313603303,584425.5321019865,414885.506360803,254076.5898682773,118261.98750163396,9099.020493460564
"(0, 12)",19581013.92113328,23070254.617865454,22858587.19997186,23070920.34731599,22632876.284035467,22436182.69665793,22212446.031738617,22078347.5189404,21809862.980459027,21585253.006361715,21324986.12715513,21011116.868771315,20634487.307285536,20356218.43721669,19943654.468661066,19743192.491285317,19163990.43775921,18737271.459556025,18296025.34228263,17941295.590274163,17502552.69984992,17057150.414330803,16604468.422636285,16358648.72699469,15868333.182310862,15394206.047124922,14897365.694281999,14524981.383331155,14173262.768324293,13774567.15449544,13450056.24495005,13177326.53410298,13007719.836389098,12921520.497756762,12983526.392132161,13122863.130302368,13016044.838469082,13124440.919902774,13196408.9921129,13207185.113977907,13184075.708002923,13140579.32144495,12730074.460019205,12476767.970966976,12263356.240784772,12059619.899642628,11845573.36807939,11649303.071607871,11587943.115848828,11334363.442648211,11113688.580890233,10931416.229417324,10753356.961963566,10611473.46739568,10455707.805419043,10288246.40852642,10310229.080497278,10047397.643253712,9978105.365424303,9689693.487965928,9466980.112887442,9233539.202975817,8933778.474976204,8597437.489020927,8301156.707343165,7860318.839290961,7515575.1042948505,7077096.400001387,6892015.255254238,6467903.479799211,6039828.454804549,5663156.024240122,5256416.671460889,4827075.95446197,4417788.5851782765,4032167.7126061637,3590956.1587211844,3165840.4564509946,2716063.593043217,2366171.42430367,2077926.3363768102,1777806.5650076002,1453757.920058052,1128237.2357839784,974594.5341532569,848063.6425789222,813888.5449852729,917322.2316895651,1036013.6134535618,1214814.289564898,1335715.1572625365,1390964.6755257791,1376697.0014533089,1242652.6620601856,1058567.6310436516,837635.8083092498,677496.7466364587,511757.50197814015,344478.48556511925,196287.2950080255,78400.01438221891,7913.791603239363,0.0
"(0, 16)",19581013.92113328,22886457.945102364,22559613.292959984,22759468.58563912,22561780.847562943,22124609.85506407,21900873.215348165,21766774.702549268,21722144.538179517,21273680.18996037,20999039.888030313,20691661.251262955,20373593.86914029,20044645.62088978,19632307.91061367,19431619.674953025,18879228.987438463,18427402.691537518,17984566.68967124,17672193.648486055,17225101.825046465,16750237.474372726,16292895.606147956,16047075.91050635,15556760.33065696,15082633.204260232,14585792.86136449,14213408.598464468,13861690.213848745,13462998.163379744,13138483.147273436,12865753.42594655,12696146.741676526,12609947.413005745,12671953.299559698,12811749.481494905,12850638.246674657,12829852.53561433,12884941.733661199,12895611.96695646,12876653.919546794,12657363.51627258,12418888.345571259,12165194.824190376,11951783.094705144,11745711.083500523,11532685.517489703,11336458.849935723,11276369.972969126,11022790.299768504,10802115.52614031,10619847.075948246,10441803.908220729,10315870.699530777,10230878.199078625,9997262.640279235,10132141.737960516,9757554.121283326,9815400.200732416,9396983.040180737,9156681.249018516,8921966.081768656,8636510.056652982,8437187.354061706,8090739.284355916,7520820.531291931,7156956.030734531,6760298.074726798,6586345.796142811,6166752.721493997,5743153.402387752,5370721.99745494,4967249.532869111,4537936.523686204,4131491.1104183956,3776865.770670404,3387283.4669770743,3019329.069407447,2615851.516071416,2302545.7430564254,2026550.0857690324,1727031.3703544661,1406729.962417289,1068852.0841711895,864983.2319186466,696058.2797170338,654560.8728260173,727719.260184494,810261.8409116683,985862.3078998483,1103194.4245020396,1146965.9489350661,1138216.9209609025,1001329.5264827844,799288.7000078177,587984.2317394094,433942.46126402507,284425.40299346426,149427.80611136777,52060.203291394566,5138.576525653905,0.0,0.0
"(0, 20)",19581013.92113328,22667934.681638874,22283063.09673247,22448026.55452867,22250589.322016343,21829130.291571938,21630080.853489812,21456663.897711433,21188610.48473263,20962213.55435606,20700423.236619715,20378001.945313927,20108028.04379292,19680440.064131703,19321735.106262363,19120313.06211745,18571605.23720087,18123717.724681646,17675552.524857253,17321684.408457063,16941346.970858686,16446260.522158986,15990537.106467182,15735691.838598466,15246186.575540148,14771060.38678691,14274305.00813126,13902387.229686692,13550451.735729495,13153854.638780959,12827204.686096005,12554657.230715545,12384762.12616517,12301095.148867194,12361893.739003086,12500875.731019184,12640361.048758032,12570156.498346275,12571547.969877752,12584116.105348062,12564931.737209285,12346705.463752814,12109613.464341993,11853875.864125047,11640294.022906335,11434122.646248307,11221347.053973937,11173426.796681453,10964832.059725182,10711269.62291107,10490612.254362756,10308356.233909385,10130319.460429614,10004590.160115832,9920775.329010539,9780123.151148206,9821570.313996533,9560667.016510608,9234559.695427474,9085748.327304881,8826968.234375454,8815893.40576485,8313715.28536886,7985897.965605687,7572355.598827147,7247849.241930068,6886310.4872208005,6475895.210918933,6297181.443734066,5879333.665790882,5491056.938302756,5166964.600049787,4822803.899021444,4429879.9129803255,4076078.860314072,3745739.2365628215,3354761.9880367466,2986138.2118107467,2544027.6375508443,2130859.964068324,1815931.189234152,1492229.1709226416,1164934.8165953176,860659.9708520767,656046.338784806,511653.89882573223,468843.1956887774,523385.40475717816,589195.7693208248,743284.6205015866,850293.150503359,888684.6336972238,878443.3547004549,744525.7077836901,552949.3616442294,361103.29890821787,224759.16029907932,111502.6378832641,33252.24652552639,2731.056004275602,0.0,0.0,0.0
"(9, 0)",19581013.92113328,23290058.47911873,23165898.010419894,23025926.14047556,22861371.08605254,22685574.25305641,22513520.318527862,22528804.937723413,22043542.70661761,21821921.18123558,21644288.74779784,21273596.742535748,21310745.67160225,20929272.630977858,20477072.783069983,20305221.82171703,19727058.698296074,19250846.72612814,18575750.763129044,18186221.579007793,17763664.362294618,17300391.2700205,16838147.35390301,16982601.07602932,16213483.15696394,16035997.48453064,15537723.832745971,15070360.381846296,14737195.887236308,14346265.120065153,13996040.068394525,13665840.441074343,13408858.013162348,13247130.363775421,13276906.134675322,13408521.456486378,13509306.047246229,13660372.791085951,13474137.614661453,13477573.61965223,13402774.247236732,13556653.562610153,12972178.17456518,12732168.03165231,12516285.601071205,12304347.2681719,12121950.903224805,12049285.500322545,11865410.885411864,11758173.052291814,11518544.28115299,11330563.382168176,11135185.459791277,10964616.007791119,10886140.52896378,10536888.26723934,10834631.679732127,10282487.599605627,10099777.58624051,9915827.252317993,9719119.10922249,9477430.246083157,9175825.441330303,9068679.467413334,8520764.33102506,8181102.368563127,7783804.025500603,7609297.976671705,7203828.138403042,7040072.153191698,6619680.478567775,6235172.639439628,5848191.448201014,5414523.985469364,4999785.919726898,4618769.518035289,4182244.2824850976,3763904.2118550087,3303641.9836155805,2866739.227796461,2540321.836060714,2202528.059869229,1859204.983770751,1533308.7305569341,1298488.7057037265,1108595.093188452,1060233.7580035883,1166251.4454158247,1264113.8525923789,1459419.7415114632,1581321.0180773481,1560400.6250896805,1608234.6593068806,1461013.6591728337,1244527.1564779421,1009824.2309057659,838283.9461735389,654146.3240708881,465804.96622753434,292433.39381538145,139268.47445794282,28084.65761926477,0.0
"(9, 4)",19581013.92113328,22978396.2230332,22854324.86244627,22796666.21415287,22549703.44928265,22374019.488126613,22185268.04745008,22002299.259743206,21750127.955163877,21531902.839214843,21640032.2661219,21101337.044337325,21025201.868463863,20667828.519099183,20208875.66964949,19993648.676271085,19441484.930461448,18998254.849612802,18265096.72376254,17877261.768987503,17455249.80966067,16984155.495939497,16526574.472480034,16671028.188924158,15892205.562491769,15724424.340228742,15226150.699594934,14758787.329312522,14425623.06318227,14034692.341851547,13684466.980660638,13354267.325432736,13097284.868842458,12935557.221424945,12965332.99092158,13096948.311184263,13197677.106163515,13348683.687953461,13175197.011236211,13149859.511186741,13071303.527802804,13245080.414822457,12833538.47862325,12409559.699974043,12197079.354489151,11987233.0680559,11970223.928160317,11701831.952116324,11565518.798047422,11448982.57212662,11206971.13333341,11018990.234582547,10823612.312766109,10671238.324600147,10566256.804187538,10230273.947587157,10479161.392974805,9973986.477118311,9791340.221180035,9603055.48776706,9545176.338582529,9167532.237726655,8870095.390554573,8965744.873066595,8546021.387900732,8102470.660960042,7711106.135989012,7517063.659904418,7131980.625272188,6728499.038380659,6308107.461339913,5923599.641935481,5536618.731976605,5102952.7938667,4688215.91685917,4307204.620371187,3870700.65365827,3452381.278094819,2992378.228835477,2556068.6373528396,2230304.4374248893,1895047.3850936235,1557199.7189944787,1240600.8621271243,1017605.6746100623,839411.6460011969,789347.4806528018,875630.7021504492,964424.825553009,1151187.190004795,1270765.2035742651,1311864.5367611519,1296761.5403044813,1149708.0816832453,934111.4321947393,704625.18595085,533757.3730952136,364941.79942838184,211276.6957874546,91256.42414438131,13625.679197180054,0.0,0.0
"(9, 8)",19581013.92113328,22676987.316255514,22538747.692618202,22761978.507013347,22238307.75486602,22062446.340199947,21890374.022611536,21691296.573976044,21475250.1929347,21255208.727317397,21439673.92560712,21129863.95288491,20699814.93418518,20341528.33558841,19924958.156360514,19682075.73778492,19219759.1690996,18688394.63710661,17953409.743588176,17685039.67431016,17145040.81549986,16681008.136474751,16228347.472954411,16359455.372435825,15685625.557064617,15412851.257179396,14914577.687186068,14447214.501326226,14114050.270128328,13723119.885208508,13372894.296112344,13042694.824798008,12785711.726764604,12623984.081810119,12653759.847878022,12785375.16775028,12886103.961616635,13037110.540673096,12863563.431927755,12838286.36335774,12759730.3799738,12782870.487250889,12524176.776076842,12098292.737241263,11885796.631647844,11699510.393057585,11695681.02331306,11486999.557217928,11338751.385906046,11137409.430034053,10895397.998611549,10707417.089330707,10512039.167771637,10359665.183904504,10269324.67841859,9932573.215891283,10201524.734456379,9664385.57184752,9485264.811641265,9682854.307593927,9135100.122357555,8863604.324182138,8573958.801234217,8296729.476177481,8113631.216807585,7740390.572427316,7354826.5863571,6994986.213073588,6841834.587776197,6416926.019316303,5996534.802581875,5612027.36964908,5225047.498422607,4791397.725176378,4376822.20161979,3996103.4162800065,3559897.4120099037,3142012.963462681,2686669.3479226665,2255037.0012964453,1934199.2673224823,1603713.0234624245,1270910.753248528,967458.3451449586,759097.0715431196,599617.5441639235,551719.7313633243,613870.4780860605,686216.2649040184,853726.576217622,965030.9944760047,1001984.9762079417,986387.1032610253,841382.6661311594,638668.2012436319,438544.95559115335,293171.5135660498,165492.89163473286,64003.443451885905,8217.929677783995,0.0,0.0,0.0
"(9, 12)",19581013.92113328,22718871.265165307,22199486.910270065,22527698.107470557,22160677.05588511,21752839.36272907,21629163.462709807,21808084.671940293,21132640.2267215,20906409.68761432,20998382.232467137,20818291.10365525,20388927.10060064,20063177.183113545,19615427.43014466,19370502.921622436,18908186.35448335,18378859.556106336,17641608.59962594,17792091.19995879,16896372.02210914,16384684.692728747,15961175.454602875,16047882.555947488,15562796.527673092,15101278.39459965,14603004.833456134,14135641.783436542,13802477.982560676,13411552.118803386,13061327.863009548,12731126.303672735,12474144.61317004,12312410.965483142,12342186.719769517,12473802.041909922,12574857.47704071,12725537.402450722,12551990.28425028,12526713.215528741,12448157.2321448,12480793.95138277,12219614.329713834,11799327.183509264,11571633.015007768,11652944.757597653,11353532.782803161,11247211.985324828,11047923.373954203,10825836.295496853,10583824.879925137,10395843.982547106,10200466.106484553,10048092.158720234,9958189.248670274,9777209.043628857,9899912.551484609,9618389.299190674,9545119.860145325,9195428.026412284,8889911.305895202,8551834.798975268,8254334.604957126,8095483.085855889,7876586.551354118,7571645.238259876,7278427.923192045,6897035.716526099,6530261.94636225,6105354.0491352985,5684968.094410444,5300493.326719185,4914539.537252646,4485437.190155239,4075154.170070123,3698418.255430755,3266576.590273118,2852774.794899667,2397654.7903890726,1967509.4683722486,1650739.1079163905,1328871.6322181681,1008907.6450018637,722463.7495201587,538026.2642401234,407836.6391458906,366940.5242579345,408704.9501944304,462002.7479545828,598392.4531856237,695844.8741252284,728388.3636171329,716771.6427095563,587248.5297218004,406970.28594518953,236176.38126787986,122466.79429595095,43902.88547545428,4860.318097392958,0.0,0.0,0.0,0.0
"(9, 16)",19581013.92113328,22430896.58779376,21989025.964958142,22216246.345793687,22041605.66982132,21441266.521070365,21317590.646320708,21514442.763799522,20823365.572033968,20608241.74314776,20775272.77030506,20354941.620850235,20119366.56013855,19751604.366925515,19305105.350118086,19058930.10590174,18605406.37031832,18073252.342260014,17329693.30556125,17480518.383587077,17023294.84649488,16118438.776495997,15716744.226496486,15736309.740866039,15251223.697578795,14789705.565175204,14291432.206461933,13824069.83559994,13490907.943257865,13099991.598828638,12749763.03230422,12419578.784450969,12162603.634501519,12000909.901637586,12030613.692116238,12162228.95696767,12272241.5665607,12429406.438687868,12247096.413589893,12215140.068505924,12133271.674860204,12008031.079864562,11771763.69224661,11476065.765698472,11569388.147722023,11310045.507041888,11045191.219517006,10935498.529873036,10736350.239528839,10514263.179442285,10272252.057409547,10084275.206918128,9888913.556021394,9736554.617956746,9646664.60501704,9614172.06703909,9588410.571327455,9441450.080798196,9289063.535298502,9072573.16122242,8585777.37085125,8235908.3070130525,8036388.021850714,8108202.277305193,7707307.192850074,7096559.351131701,6512415.19657779,6200514.549555859,6224592.463448602,5804203.1040708395,5388292.764047272,5008059.563216836,4625373.041434997,4196302.668873783,3788790.49777088,3430783.8646771703,3000100.164878023,2590214.520970058,2136472.1490351898,1705514.8133828002,1392895.9608299267,1080359.214612084,779029.4552437005,530812.2384632922,375485.9870887308,269549.74396412045,234772.90358473826,258131.1102309669,293873.6239376359,396573.8245593105,472688.16775497847,494040.2112807792,479472.75797104463,362553.01811185776,212925.45193024256,92004.73042974589,27415.559772367502,2669.3555391390123,0.0,0.0,0.0,0.0,0.0
"(9, 20)",19581013.92113328,22119567.87155243,21864101.716516096,21904796.434622966,21730387.819579903,21129893.642856758,21006225.11825284,21203168.105074145,20520288.837771602,20286150.97601406,20434094.567558084,20023604.31095775,19808396.60268662,19441691.9084688,18971743.097320948,18747621.96352755,18318972.987960674,17812997.299584575,17015789.32142201,17123900.857705712,16734133.172905194,15986647.921794113,15572869.377532467,15424925.673386574,14940649.987600897,14478132.7623838,13979946.106635256,13512974.199984273,13179679.37309824,12789390.20434232,12438546.715251485,12108437.434140813,11851588.78543313,11690920.831744563,11720349.144082038,11851490.426600164,11964787.82180603,12079010.037033083,11924709.149715735,11904696.884447718,11821743.570763826,11638860.019834517,11411259.698459027,11168593.838643165,11209732.2473385,10951269.244564174,10814889.834394393,10636182.13304127,10424812.351232646,10202742.629939971,9960749.315539297,9772784.662069913,9577431.98656815,9425272.585108222,9335758.944147917,9325200.053302394,9277105.935101707,9162502.055046393,8819711.858625915,8822704.82246755,8243658.648004892,8374056.3480213685,8033118.104387071,7662250.845463774,7201082.69720341,6954924.791136801,6479249.162805598,6132056.06951317,5935428.1309485305,5516768.106169391,5130459.25951479,4749221.420320112,4373604.712412902,3951140.924169879,3541754.838004788,3165343.8052986492,2734839.6202723486,2325017.517931893,1872939.2658417881,1448146.0467855716,1143492.2970222917,846873.8623520966,578489.437875307,372109.89925034053,245699.96227351634,164856.6234444716,137067.65629382667,147750.59552621457,166834.74279226767,233564.6529072888,285702.9337132122,293410.176103418,275146.764421447,181382.07392977065,79562.3693651866,18222.86601681312,1294.426440022016,0.0,0.0,0.0,0.0,0.0,0.0
"(18, 0)",19581013.92113328,22927249.75858691,22810501.423765145,22726473.66565819,22484414.66030284,22293832.95704191,22232546.833404727,22045380.07386483,21373605.119041927,21412228.518318646,21361780.638868984,21051970.6648305,20664618.880877137,20296856.651063118,19997985.537458412,19604182.310568396,19202551.10309049,18805187.894744635,18140951.513630196,17844464.483179692,17474702.524931826,16627939.659713909,16201355.517691327,16281561.498695675,15796476.20949293,15334958.020081004,14836685.802813072,14369332.586115517,14036190.661842315,13645380.397485603,13295271.800948635,12965625.467595315,12709544.196210727,12549323.696924474,12577802.557773907,12708325.53754346,12821470.557799606,13012005.590493433,13021551.564416904,12787641.69501471,12688238.650325958,12855613.980022067,12309823.853630507,12113804.24328921,12082330.310810037,11860340.397540323,11689709.428083744,11492990.483354999,11281603.37078894,11059516.794011137,10817508.52429015,10629530.591687005,10434163.361831408,10281807.90186675,10191899.372280393,10155068.40171885,10133592.103188194,9963186.544126365,9740344.747743586,9562747.19734009,9399107.303454995,9113837.937508343,8902280.988579541,8653455.328940684,8208826.9197279,7884405.185824918,7547439.906756081,7160248.078198117,6763941.30314518,6339032.770540727,5918641.622372979,5534133.980595342,5147154.49698468,4713494.3493473455,4298765.72557985,3917763.7249258296,3481344.7317277584,3063051.3264209325,2603496.1063974155,2169197.2788598826,1846830.43951993,1518813.2926696194,1193521.5178596114,900756.3735306129,694155.715815347,539096.8869565709,491624.1072645536,547437.1131174687,615236.2750213557,777909.6029517399,887764.4159370844,924707.7350027184,908964.1532121522,763398.4927895216,554683.1527183681,343681.9371062521,189396.0637680304,82430.33646571448,18403.318051336784,674.4575119324862,0.0,0.0,0.0
"(18, 4)",19581013.92113328,22615462.098769892,22506446.456635963,22449676.792789385,22172675.12423081,21982072.607601766,21853791.934476566,21738446.46096954,21063332.834602144,21245228.90634718,21050207.4914494,20740397.51783406,20353045.735611733,19985283.509860728,19686412.397286844,19292609.17527681,18890977.97863369,18493614.8007499,17875771.4327788,17588168.021347757,17218972.293428216,16365459.447207842,15966334.446214145,15969988.612498846,15484903.099895569,15023384.909857487,14525112.893291058,14057760.463880543,13724618.877151553,13333812.71351623,12983699.107891139,12654052.327706398,12397971.066113139,12237750.578282582,12266229.43605765,12396752.41486028,12509897.431737972,12700432.45529871,12709766.238968872,12465036.412249697,12358528.792504132,12544040.832234364,12158721.639091603,11814898.422489628,11707700.277059667,11580762.663956935,11378136.282347742,11181417.344817048,10970030.236727221,10747943.648051227,10505935.38386842,10317957.457815472,10122590.236217694,9970234.794701958,9880326.252793923,9850496.526416022,9822018.956390359,9658283.178610587,9437711.755314708,9255901.688027218,9095263.30440271,8817465.90525398,8605284.066648439,8052523.762918731,7940987.137031781,7572832.04790557,7243056.565326411,6848674.966596078,6452368.287182269,6027460.124645203,5607070.23261548,5222563.321629515,4835587.266497435,4401941.105235586,3987235.143567903,3606284.016693917,3170091.452428778,2751928.491468804,2293942.4158985643,1863577.5015645204,1546920.0042415468,1229327.9779800423,926462.9609448329,657727.1384162554,475747.44063771155,347128.81643814093,304685.674731649,335613.0355064103,380485.8531990873,507125.6909639538,597973.4850899052,623888.9505836159,606197.488833897,468511.2285272516,285303.7967521817,135008.2544420307,52281.158698225765,10025.822606067512,182.30112925480466,0.0,0.0,0.0,0.0
"(18, 8)",19581013.92113328,22323766.350418195,22194874.73944392,22138110.535146005,21870386.454707894,21671096.54458483,21609400.53776057,21376034.38077858,21246137.006708294,21024807.12577891,20738634.345204167,20428824.376190465,20041472.626211073,19673710.46837826,19374839.40998218,18981036.264684454,18579405.11519137,18182041.987144016,17571350.025013857,17402625.822294742,16909431.199357618,16250957.828247514,15834212.675639257,15658415.798999265,15173330.017320601,14711811.895373521,14213540.29420879,13746189.473748337,13413050.78642913,13022250.875909986,12672129.128906364,12342481.492011882,12086397.941905154,11926177.466324603,11954656.316236977,12085179.29225378,12198324.305680757,12388859.32010399,12398193.097807087,12153463.268815,12046955.644675134,12070036.735515399,11883117.126514718,11538869.627473671,11495006.004612159,11290926.384759443,11066563.139214234,10869844.208382167,10658457.109726172,10436370.524761157,10194362.296616537,10006384.34051861,9811017.130956763,9658661.733701332,9568753.191455461,9551287.84905266,9510445.815218627,9360404.15440495,9134678.022502309,9057277.888559489,8795339.65820141,8530879.341734366,8323081.625538468,8030309.09521124,7629414.053117905,7261259.363202214,6931483.476949837,6537101.951220121,6140795.581683582,5715888.466998937,5295501.465712444,4910997.352816343,4524032.677009817,4090428.308204582,3675858.5026157717,3295205.954666514,2859593.1802918296,2441912.0286110966,1989379.1616039746,1567103.362164147,1258990.193000225,960940.621348711,684173.2979721887,449923.2300548195,301238.92508179776,205211.5333890855,172915.79905538217,186980.6440744244,211060.70918314738,292670.05676133203,354097.73987918306,363749.03166716755,343454.80040492106,238536.9052985228,118899.89631107269,36723.601197795935,5580.489521077949,108.42036659307895,0.0,0.0,0.0,0.0,0.0
"(18, 12)",19581013.92113328,22041308.86738027,21766128.831747416,21826658.545147456,21652103.351575583,21397934.121169973,21297827.427211132,21124975.998958673,20776946.52198346,20630161.053630464,20427061.440194458,20117251.526243296,19729899.811123606,19362137.655042518,19063266.596382543,18669463.454088483,18267832.330503896,17870469.19130402,17269433.958155222,17091053.0061344,16656007.984001582,16128687.327704037,15688267.502285717,15346843.010675745,14861757.377772935,14400239.355634805,13901968.015014693,13434621.48834888,13101487.500633165,12710706.74031826,12360645.200802105,12030961.455315886,11774873.332267908,11614604.628735468,11643083.276924852,11773606.209763868,11886751.215141581,12077286.240912912,12086619.95664531,11841890.125380304,11740620.957641628,11757525.422166552,11654222.236440424,11280752.090276401,11195039.803281538,10979353.2412323,10754990.002276253,10558271.080894524,10346883.991581002,10124797.50864829,9882789.661288286,9694811.941947008,9499445.366639443,9347089.146473186,9257180.648221573,9246745.369393893,9198872.992783409,9084442.589369146,8899597.103709422,8745704.77231537,8482840.944812777,8258072.515796276,8012802.497453747,7718736.046821757,7317841.003225917,6949686.8770753015,6619910.508962027,6225529.20293172,5829223.67784362,5404319.3122078935,4983942.479117029,4599466.784211753,4213510.781992765,3784440.0547029614,3374204.079221412,2997535.638252618,2566271.8596931747,2152630.3030454093,1702907.2873926733,1289793.3333175497,994369.8534780142,719539.3958008697,475113.8847887777,290493.05658695265,181655.57635249698,116147.9166457988,92642.71436830399,97465.76822286897,108343.95091748844,155275.66311689685,189979.29371525988,190226.68257545802,170885.10794990687,97857.64242770444,30560.868879682475,3389.119492808093,40.25907805692936,0.0,0.0,0.0,0.0,0.0,0.0
"(18, 16)",19581013.92113328,21729857.982868724,21571961.27256511,21515206.99091959,21340566.8203806,21114489.41008644,20986254.61084821,20813403.182607736,20502782.483128402,20404401.279035013,20115488.624015015,19805678.710269064,19418326.996347386,19050564.84217037,18751693.783077672,18357890.654018667,17956259.580198754,17558896.46088441,16937647.438933477,16779480.399042275,16344437.008686466,15887400.92891595,15446033.125655688,15035270.270153528,14550185.087669713,14088666.992219085,13590400.027037501,13123063.64869055,12789961.422760487,12399336.698843641,12049265.499520186,11719897.775008349,11463919.804756561,11303911.471161421,11331785.563323095,11462033.428171951,11575178.248062873,11765713.323161686,11783778.64862676,11548474.48484912,11423809.427386753,11390535.601660028,11378464.637602525,11001612.596469799,10896491.248550987,10667780.107497899,10443416.88380781,10246697.997321714,10035311.08380254,9813225.44475596,9571221.974105459,9383256.807846017,9187909.054883169,9035574.111806387,8945661.274743851,8935233.02193061,8887371.524721755,8772869.517608153,8588024.05163061,8434131.709063575,8165516.969896518,7914804.012215237,7744354.410118498,7407163.879164314,7006268.361782561,6638125.230449581,6156036.210042682,5915557.304331308,5523553.146560153,5103164.775786271,4687258.49192241,4307027.36581908,3924354.647189459,3495355.891397368,3088035.898998086,2730300.4443583083,2300897.090869715,1892915.65759158,1450698.910148981,1046499.882612858,768866.7064680913,524075.36449772987,328034.39235543436,184456.003728683,104269.75171117642,60115.73581342567,44883.556567537664,44703.7638715096,47718.45342126516,68967.17242988409,83898.45286576243,77401.71933796312,61020.48330923221,22907.78956849493,2691.2559494028824,16.821914154459787,0.0,0.0,0.0,0.0,0.0,0.0,0.0
"(18, 20)",19581013.92113328,21418534.11319612,21260889.53477971,21203758.504026078,21029351.47625534,20803320.448694613,20674889.383427467,20502128.569655396,20214048.029685784,20089408.271675546,19804179.087821137,19494869.699817114,19107357.057810243,18740652.46801216,18440981.37148835,18046582.69156941,17645495.882765748,17247718.12960032,16534837.818920465,16468042.771792434,16033124.204841213,15577548.204833195,15134816.680236239,14723886.357077204,14239612.955416325,13777095.217216555,13278933.450528191,12812044.308340041,12478885.395519948,12089281.264795573,11739063.493635375,11410999.022076655,11157066.135265352,11000202.464198982,11024942.774822032,11152673.554634105,11264940.545297412,11454599.509840095,11495754.918732503,11245855.707164885,11112269.30125077,11280364.936750855,11066925.702516936,10674151.049613997,10584943.69618022,10356229.645688012,10131873.793103859,9935143.031212728,9723774.60194315,9501709.533677537,9259734.846068095,9071782.10084148,8876481.706410604,8724485.953131188,8634965.479683721,8624197.72978587,8576068.358306065,8461462.646953274,8276640.316855647,8122790.719952446,7940349.432872381,7738736.932400885,7450667.567245274,7103659.705302177,6706967.928499674,6343275.48460466,6017305.7117809495,5626542.767731678,5234389.768382346,4815727.504035211,4429432.900850225,4048204.735326254,3672630.003181585,3250347.9365477962,2841311.945783305,2465463.5325320866,2037528.8663434451,1631649.143225258,1199454.1977016495,819295.4980950713,568968.0648186832,368866.0067440635,211246.8198712403,106756.32604157801,53652.82161965751,27491.966391687885,19050.700492948203,17438.270168094947,17224.838930247173,24506.715613767803,27546.161361212326,20824.1635983377,11793.063263043643,1749.7049458923107,13.076244357182151,0.0,0.0,0.0,0.0,0.0,0.0,0.0,0.0
"(27, 0)",19581013.92113328,22274918.330836177,22117028.89352972,22060228.151225504,21885832.140766136,21738404.83974909,21531555.518433683,21358656.981983036,21027149.620450314,20949653.79344765,20660741.17507922,20350931.547177088,19963581.383848656,19595828.073302492,19296946.81302571,18903145.40195951,18501539.067152943,18104156.97376468,17681634.520888712,17324797.5642322,16889912.682079017,16373278.751811575,15930812.307763126,15580521.938047167,15095439.114948157,14633921.752198657,14135674.187269831,13668448.357532362,13335569.834967475,12945793.265395347,12597240.097182173,12272291.306653293,12023769.680602109,11874640.326153949,11895365.985976556,12015913.122845467,12126882.98896813,12314556.569371821,12393551.58798674,12412647.920051116,12224186.987865007,12154574.397541072,11923705.857040102,11657463.690281294,11441744.271187605,11213033.184966635,10988670.241612218,10791952.159803132,10580570.037995908,10358507.509956941,10116594.8869875,9928709.181693854,9733669.492811605,9581958.112695785,9492305.859309552,9480735.053571615,9432609.301916553,9318157.348354379,9133277.32707606,8979385.365777813,8796793.898686135,8595355.598031864,8304649.410484085,7952426.840793012,7551560.683552387,7183525.245443471,6853955.700910116,6459208.735424091,6062902.557171984,5637996.314519203,5217612.82691652,4833107.764757661,4446145.915659114,4012557.988110235,3597923.2013513246,3217128.1813849923,2781436.634015004,2364225.2668311084,1911104.8132687116,1491827.1081176947,1188500.8561231205,895631.5146753788,625383.8143376557,400131.28924675455,256606.55613766436,167885.44690937418,136799.2862586787,145508.4475649183,163025.26784970128,232287.32021903837,285268.0758576104,288440.9428985945,264346.95992022863,155386.83703984547,57192.970454021684,10058.12152613413,782.8776863451839,0.0,0.0,0.0,0.0,0.0,0.0
"(27, 4)",19581013.92113328,21963345.183014352,21805455.74581893,21748655.003489856,21574258.99318328,21426831.692503538,21219982.371452864,21047083.834650256,20721193.954627827,20638080.647165824,20349168.0310392,20039358.40690762,19652008.254339673,19284254.964016683,18985373.699337803,18591572.314913068,18189966.06498816,17792584.028895076,17370061.815694712,17013225.292215098,16578340.979966844,16121535.741800018,15679711.985282505,15268949.111348761,14783866.16466024,14322349.18785059,13824103.258538444,13356880.444330525,13024003.812756857,12634235.401530297,12285667.287143303,11960718.189268336,11712196.586366089,11563067.25458305,11583792.913957858,11704340.06227528,11815309.936513625,12002983.515496746,12081978.54637867,12101074.899656923,11947091.329812493,11840235.227191783,11612132.709929997,11345890.545198843,11130171.1284474,10901460.046146328,10677097.11255904,10480379.067020275,10268997.093131242,10046934.416642632,9805021.784779185,9617136.178298252,9422096.544085426,9270385.39513403,9180733.118720865,9169162.062313387,9121036.227700455,9006584.39381586,8821704.189777296,8667812.237320904,8485220.786034232,8283782.486218877,7993076.464266528,7640854.790830453,7239989.51786746,6871960.54021942,6542399.077834228,6147636.158234306,5751331.205422115,5326428.866285318,4906057.162331878,4521561.939028818,4134633.3234433583,3701152.350196489,3286701.8839810323,2906306.5655296044,2471925.5333659146,2056532.172201794,1610896.922135301,1207933.7395701658,924431.5532348376,657949.1785366139,423699.220200984,244935.13065105275,141285.78021752203,82515.51030206468,62812.649471742385,63616.321425263566,68408.33381620364,99414.62391117652,120800.97441886066,112714.82922829832,92607.92190399031,42283.849891831145,7234.2641620474715,288.2679593828363,0.0,0.0,0.0,0.0,0.0,0.0,0.0
"(27, 8)",19581013.92113328,21651774.861571524,21493885.857420996,21437085.09797845,21262685.845995758,21115258.546834286,20908409.226929594,20735510.690440837,20545098.819092218,20326507.508312248,20037594.903438505,19727785.292255644,19340435.203049634,18972682.03015565,18673800.824918475,18279999.52407037,17878393.323635437,17481011.26649913,17058489.17686428,16701653.032529155,16266769.335320076,15809965.540735666,15368139.209623402,14957376.401452998,14472294.044399222,14010777.265136894,13512534.033968149,13045321.102696776,12712450.912046893,12322697.126079004,11974132.975220516,11649145.086922633,11400623.508970218,11251494.19701727,11272219.850634241,11392767.002694342,11503736.884586824,11691410.461651232,11770405.5047706,11789501.879262732,11658439.68976385,11531428.10240386,11300559.563281046,11034317.402839364,10818597.992605602,10589886.923244767,10365524.002247702,10168805.986472147,9957424.188502174,9735361.491649391,9493448.92573776,9305563.291715713,9110523.78671155,8958812.946367795,8869160.72300956,8857589.255389692,8809463.222829698,8695011.491026983,8510131.134861648,8356239.134248611,8173647.686181317,7972209.374466297,7681503.550777051,7329282.742894777,6928418.6054011565,6560395.977635854,6230842.648851744,5836064.541349186,5439762.357374053,5014867.32583078,4594515.093304809,4210044.447459861,3823197.488690537,3390012.1348083476,2975995.445606459,2596390.3083163183,2165391.9832179802,1754961.243766722,1323895.9755163796,944745.0774328402,687934.2669404534,455529.1723647312,266684.4983564006,136841.00393933486,70879.5759529421,38367.67184858128,26729.020325258633,25374.01929188287,25632.383340670105,37156.81754239634,42894.82207778227,35757.66252649743,23390.281528955067,5466.138541094125,223.79539724909685,0.0,0.0,0.0,0.0,0.0,0.0,0.0,0.0
"(27, 12)",19581013.92113328,21340292.011571776,21182408.728251424,21125620.33900427,20951112.7505703,20803685.436666664,20596836.159554873,20423937.65807264,20233525.821938526,20014934.570460163,19726022.024273444,19416212.455911055,19028862.39435423,18661109.246636022,18362228.039053954,17968426.8066809,17566820.8298336,17169438.80630365,16746916.839572491,16390080.883736765,15955198.24127261,15498397.554535033,15056566.463746158,14645803.86881966,14160724.506144535,13699207.072558347,13200980.712844865,12733803.30210291,12400956.391553747,12011352.565289833,11662794.370176518,11337633.946008183,11089058.826641457,10939922.249785725,10960647.70503335,11081194.184848849,11192163.879771756,11379837.413442664,11458832.463182073,11477928.858868547,11373639.503510276,11219854.955493726,10988986.419473886,10722744.274357758,10507024.874663426,10278313.853591183,10053951.085392399,9857233.164390229,9645851.62752625,9423790.936954843,9181882.542907737,8993998.700498473,8798975.730109327,8647241.25831624,8557589.124709435,8546017.397521397,8497890.57399204,8383438.792125932,8198558.381662398,8044666.433827885,7862074.977187167,7660636.476680927,7369930.688832403,7017710.705690277,6616847.833565484,6248831.638284721,5919286.732667386,5524495.071013912,5128198.943338446,4703321.602466278,4283020.955990088,3898589.3316776287,3512608.4792739186,3083898.0085344417,2674097.786518714,2298741.6829810343,1872166.8482879403,1465273.2649424304,1054965.95943515,709421.0152517847,483486.0299628878,295326.7309870371,158495.81114536905,74035.74988994797,33954.37222339382,16252.896759147363,10175.476325916672,8657.068216475334,7772.9233591005295,10621.541748988193,10749.06989416665,6556.365676837175,2458.5404772126044,128.06046355717277,0.0,0.0,0.0,0.0,0.0,0.0,0.0,0.0,0.0
"(27, 16)",19581013.92113328,21028859.126591925,20870996.5971317,20814174.966078848,20639590.9567509,20492112.606689885,20285263.34517137,20112364.842076708,19921953.006928492,19703361.755019035,19414449.209671173,19104639.643685848,18717289.596592434,18349536.544273566,18050655.262557548,17656854.211387403,17255248.985548206,16857867.240025356,16435348.041640045,16078514.48963525,15643640.739090905,15186852.307521688,14744994.08707664,14334232.913213396,13849158.531702219,13387646.132887537,12889463.552219586,12422556.850753395,12089912.390344178,11701435.822584575,11353823.486238107,11030726.823157635,10783309.155762466,10632942.944976065,10650874.158194507,10769667.832092749,10880592.76148001,11068264.76472352,11147259.432058984,11166355.838499224,11067909.740445005,10908286.593247607,10677425.142113745,10411171.187603693,10195451.8505073,9966741.563833,9742378.831679126,9545663.035148975,9334288.590105431,9112242.584257139,8870378.462409621,8682575.88203378,8487542.153395062,8335831.34411521,8246125.652982287,8234511.819425499,8186384.134555204,8071867.86760014,7886985.929470759,7733094.47093105,7550504.04338514,7349065.332999846,7058363.569701894,6706156.2051554015,6305301.528781458,5937338.083620501,5607817.838778168,5214518.690774227,4822517.28364099,4402139.772763478,3986274.387304043,3606078.9682357875,3223551.1203261083,2796074.4716806044,2389758.084165532,2033859.8255459806,1613339.237194708,1221268.8253473795,826381.2612314415,508282.88132866484,325147.23644957744,186493.52955447056,90690.22784750599,36858.69753015536,14417.153997982543,5849.690722494301,3151.727982302651,2264.0437929419295,1614.1142196531803,1870.9541351751052,1433.0876632110014,425.11334106200013,43.46251174658447,0.0,0.0,0.0,0.0,0.0,0.0,0.0,0.0,0.0,0.0
"(27, 20)",19581013.92113328,20717649.42584591,20560149.282287724,20502836.442416683,20328572.51193052,20180921.96115176,19974015.392931137,19801095.832298744,19610817.47291974,19391838.92357462,19103141.19023335,18793833.678052112,18406330.254035797,18039658.11208603,17739944.615871556,17345554.51917648,16944543.605385195,16546711.338402787,16125590.036430495,15767112.39749411,15332373.73445309,14877068.21544771,14433778.789686913,14022852.517222764,13538615.458554449,13076104.34601388,12578246.298438419,12112447.313809369,11780469.171626125,11395823.375586474,11051082.551488452,10736310.762700263,10499318.304207547,10360005.049086358,10369246.041681834,10471630.887083959,10574852.98928406,10758837.552838273,10836631.473763423,10854943.815136796,10733056.334871076,10596747.670028,10365886.257387398,10099651.6860668,9883904.90570758,9655193.76554889,9430846.082263753,9234120.85405267,9022796.8151042,8800875.930313997,8559240.13435072,8371675.42613864,8177354.503329363,8027335.842718247,7937802.5147869475,7924505.398555575,7875320.329097166,7760628.130011271,7575638.137451816,7421765.543876549,7239323.398723236,7037704.827469504,6749632.642584083,6402635.893763899,6005957.680225641,5642339.422883889,5316461.446709858,4925507.762556974,4533364.60983392,4114772.7052752045,3728317.3316818564,3347392.7784738573,2972182.0625744937,2551129.789777507,2144345.117909606,1772705.414841877,1359783.9140580078,979533.8930179292,618490.2772378316,356396.9938136436,209144.22612236615,111762.84727305734,46470.362351061536,15924.557468899195,5285.542644740563,1725.8032799863656,741.4984959472865,415.59332192443594,202.2872958521376,169.40672808060796,60.89534772606112,4.688008458249098,0.0,0.0,0.0,0.0,0.0,0.0,0.0,0.0,0.0,0.0,0.0
"(36, 0)",19581013.92113328,21576570.730171934,21420409.977354553,21360004.50620994,21186898.070004113,21040086.561654642,20833932.35699918,20660156.26283431,20467822.23213988,20248696.14536655,19960025.184189107,19650342.758599717,19262884.000650838,18895864.8822863,18596345.163924586,18202191.063571896,17802394.92005892,17403795.86029528,16981510.563718654,16624173.158567984,16190217.328717483,15738989.346064743,15290245.36294078,14879482.610732768,14395025.977959068,13932941.615424061,13435510.117203103,12968835.407781951,12638080.87450267,12255433.741526155,11920068.59335788,11623946.910321234,11415527.348516895,11314344.22131668,11323912.023470677,11398824.514075354,11480291.005975183,11640763.885881824,11714241.769768154,11715944.87008234,11619268.146846449,11453544.38409611,11222774.160355357,10957278.541973656,10740767.200837197,10512099.103511695,10287646.983434238,10090966.848260624,9879715.720202705,9658025.766548993,9417595.745324163,9231679.224446336,9042266.813392416,8900329.815269608,8815920.305948617,8794094.625887651,8735333.656076923,8620517.566590475,8436508.380995309,8281354.909991006,8096425.995025539,7894366.550927746,7603821.9446853455,7252633.144724903,6851221.312768957,6484694.711994026,6156939.221544977,5758172.823309944,5361878.912057299,4937058.994585596,4517351.520429465,4132263.4324931023,3745608.191382777,3313480.808640695,2898679.119695929,2518967.1298163338,2089305.3247473282,1680372.6762524664,1253047.8416276358,881622.2992060076,628810.6569076913,404117.12118452514,228483.29052930884,111068.25683735279,51030.5755111032,25190.27469663464,16012.886230836792,14102.341442985971,13058.403283230924,18205.873086362997,19803.678688282424,14160.769870604385,6928.705086597417,967.4618826208966,10.696082645391863,0.0,0.0,0.0,0.0,0.0,0.0,0.0,0.0
"(36, 4)",19581013.92113328,21264997.583489776,21108836.83166516,21048431.360393934,20875324.926372718,20728513.419375937,20522359.219719067,20348583.12743293,20156249.09803292,19937123.01148168,19648452.076304194,19338769.677779794,18951310.980352633,18584291.918696404,18284772.3176387,17890618.236806046,17490822.412544347,17092223.79419244,16669939.550428031,16312602.103120903,15878648.696680693,15427442.427731311,14978672.925598938,14567910.465225426,14083455.091939243,13621371.203383472,13123951.087043153,12657276.373591186,12326522.392604603,11943862.459020915,11608495.486623999,11312373.831031965,11103954.299397029,11002771.187075598,11012338.991713721,11087251.486307444,11168717.982486624,11329190.862584028,11402668.749387616,11404371.849688146,11307695.00453386,11141971.260688212,10911201.186534544,10645705.950916607,10429194.282240458,10200526.236404315,9976074.168170396,9779394.677983794,9568145.961174643,9346453.32340907,9106024.960671624,8920112.550492909,8730695.269881938,8588759.845548702,8504350.446879173,8482523.776152106,8423763.151990127,8308947.506096586,8124940.650403821,7969787.166814711,7784854.816287874,7582794.125033043,7292252.54704829,6941072.119243164,6539669.636054215,6173190.299514074,5845461.338403875,5446605.349009045,5050321.487306275,4625531.867308728,4205921.977553896,3820933.828002792,3434645.3841402535,3003192.2005062103,2589531.449179891,2211245.6099971817,1788854.9070610928,1390722.810701266,995103.454318362,651207.4436755654,431405.6744695328,251791.7907085685,125271.5849610938,49863.34538900145,20656.869515334332,8915.232187224556,4991.908620513026,3836.6807634932034,3012.1677753419017,3834.6912376684845,3181.40379957507,1367.7142846955821,286.63557655097634,5.002847427091328,0.0,0.0,0.0,0.0,0.0,0.0,0.0,0.0,0.0
"(36, 8)",19581013.92113328,20953427.57866073,20797264.165366333,20736858.223441616,20563751.79694635,20416940.288489446,20210786.10704506,20037010.026716635,19844676.000824977,19625549.95802116,19336879.051469415,19027196.725385703,18639738.221731998,18272719.208723463,17973199.72136859,17579045.67579121,17179250.233804554,16780651.74571754,16358368.553812735,16001031.089725727,15567080.102715902,15115895.527117182,14667102.59775921,14256339.903376916,13771885.075074555,13309807.295160808,12812399.395475587,12345749.22150113,12015052.651228111,11632294.341438029,11296922.505709084,11000800.779916402,10792381.274454046,10691198.16847445,10700765.966514574,10775678.461593986,10857144.960344862,11017617.839797167,11091095.729286565,11092798.829324352,10996121.862973636,10830398.141730871,10599628.244953081,10334133.369554477,10117621.48266495,9888953.642027957,9664501.693989137,9467823.182096599,9256577.17012626,9034884.66071451,8794459.698048966,8608546.38009597,8419124.430545343,8277190.704740109,8192781.581202752,8170954.088960396,8112192.973607772,7997377.8427735,7813373.22584791,7658219.505678833,7473283.755291809,7271221.699814945,6980683.152202235,6629511.846188617,6228118.243770437,5861688.147652708,5533983.455262773,5135043.640124297,4738776.694123786,4314032.508632411,3894544.7910844763,3509692.1437023864,3123882.79609705,2693941.0505200047,2282573.764607813,1907230.3182137643,1496144.9620573043,1128589.1555191833,753341.719167337,452694.82244483556,275210.93309323856,143134.31101324747,62315.41280655032,22728.867329727327,7921.984074052296,2817.821418065681,1312.465060933819,813.8111753371621,478.95965957244465,477.2219597588448,248.78615124035642,40.973688512719924,1.5732198814671785,0.0,0.0,0.0,0.0,0.0,0.0,0.0,0.0,0.0,0.0
"(36, 12)",19581013.92113328,20641962.64656908,20485754.458904695,20425296.84376326,20252178.82328678,20105367.384199552,19899213.15645805,19725437.11036367,19533103.10969208,19313977.093047142,19025306.261440087,18715623.95914667,18328165.520784028,17961146.571191378,17661627.20483048,17267473.553652916,16867679.594889656,16469081.766601391,16046799.535011867,15689462.335438624,15255518.291638512,14804358.634097828,14355533.483727137,13944777.635553919,13460338.275255827,12998282.19400447,12500938.720117744,12034528.206357058,11703878.889420966,11321480.65779553,10985360.403556678,10689303.956439447,10480811.041809605,10379627.45922162,10389193.90192229,10464105.917125765,10545572.194450077,10706044.904928204,10779522.75672859,10781225.809734784,10684548.722201439,10518825.026708089,10288055.339790946,10022560.96672637,9806049.466897948,9577382.86098816,9352934.36408678,9156255.244047489,8945012.277766468,8723336.87394855,8482934.115386829,8297054.472658315,8107561.085490658,7965622.867100393,7881214.518476717,7859386.554864591,7800623.32704224,7685808.937475355,7501807.038398744,7346653.860775157,7161716.409662524,6959651.673106986,6669113.765065197,6317952.132325035,5916566.910244253,5550187.371005865,5222505.594072779,4823492.1652455125,4427257.74345564,4002614.7624996705,3583376.9532151567,3198876.608559285,2813822.3889572043,2387906.632423235,1982216.6112382584,1612864.4167928346,1221581.7103263005,875076.5411214903,543018.0109695427,295131.3625444896,162201.24197479436,78444.53657142694,30545.245414150064,9173.079947418197,2560.1365724061698,705.6627982590345,250.44562229465322,111.21436739532982,37.41711492982348,21.6994526997598,4.7076397055589405,0.12973281868900013,0.0,0.0,0.0,0.0,0.0,0.0,0.0,0.0,0.0,0.0,0.0
"(36, 16)",19581013.92113328,20330777.403253347,20174792.251106348,20114099.906986307,19940724.789207216,19793794.58438906,19587640.373029884,19413864.331835754,19221530.326492086,19002404.298033725,18713733.542543914,18404051.300376255,18016593.20865102,17649574.7018397,17350055.796053242,16955902.05306292,16556114.024457924,16157522.904847104,15735254.33116152,15377917.799091252,14944004.789052706,14492992.663887884,14043971.119864695,13633274.510657093,13148833.807284612,12686848.006365348,12190086.86285944,11725613.57307009,11396267.205304742,11020384.249657126,10686216.482315062,10394669.629731918,10182622.92633319,10073356.36088162,10078001.805614933,10152566.760198664,10234020.942528471,10394479.20256405,10467953.621741537,10469652.980364965,10372977.982292714,10207258.492312748,9976492.26808544,9710989.04264629,9494481.64490314,9265839.475190379,9041417.859070925,8844782.55315947,8633718.642131383,8412161.083734654,8172046.499281775,7986144.5190060595,7796497.593411209,7654247.057985665,7569805.612128956,7547892.819955939,7489094.013801874,7374264.780079387,7190270.651270659,7035133.269084969,6850227.121944732,6648115.071662501,6357649.437350822,6006655.5424598735,5605296.621948253,5239111.715689072,4911201.172011949,4513494.2288859105,4121535.2848438905,3701392.65040937,3286544.4182326286,2905838.3226284045,2524582.228271794,2103450.7174652894,1713472.111115997,1359842.6679524523,975755.8305127692,648395.1061308909,369825.851230368,182800.45431579568,95543.63302265016,40033.018594645284,13090.119317603625,3191.637854342985,644.7170302870479,120.3032271572509,28.592335559652224,7.359533429950789,0.9663724074731452,0.14211103140860726,0.005041471268474532,0.0,0.0,0.0,0.0,0.0,0.0,0.0,0.0,0.0,0.0,0.0,0.0
"(36, 20)",19581013.92113328,20024531.545818593,19871417.113942064,19805069.27917036,19633794.725794166,19485512.52448165,19281352.29369552,19104565.387395747,18912484.530000504,18691052.345427148,18402990.711645007,18094129.8779211,17706504.892411597,17342109.49165589,17039965.799392898,16645106.54052303,16249162.91843819,15847370.99465931,15428705.858162645,15066658.652717989,14633350.409982366,14186410.810945325,13732801.621733563,13322058.378410973,12841615.723174818,12375676.917753218,11881016.137656879,11421541.521951444,11096475.241074122,10735178.740901206,10416029.466896713,10151349.543909343,9974388.28558395,9889151.678738879,9872030.424864905,9910411.30292487,9961392.729964798,10094367.268266363,10161944.490700146,10158256.063864026,10061444.231845455,9895751.211113445,9665184.550700735,9400068.279194705,9183191.583092423,8954865.450271877,8730368.122094,8533787.41919609,8323128.83772826,8102858.492083887,7865188.597799099,7683068.121782743,7499413.07948533,7363916.698134598,7280160.09147385,7246829.497719961,7182080.213591855,7066207.207025356,6882425.032962295,6725221.90652426,6541475.51312957,6336871.941212465,6049074.475354887,5703107.941221115,5305745.73825507,4943540.962313888,4618841.219036875,4224505.847611465,3832453.447238779,3413954.326326977,3028503.3643294876,2647995.1499501155,2274968.972861001,1861257.9171793477,1464892.0121585026,1114602.3108415136,749178.1787186622,456451.90509206767,245938.20958449433,113390.91137171033,51346.77741912441,18192.188823476503,4693.253834280109,854.1458428855376,109.15466927630936,12.033124667546431,1.5419543271941307,0.18172979993954158,0.004320109728797521,0.0,0.0,0.0,0.0,0.0,0.0,0.0,0.0,0.0,0.0,0.0,0.0,0.0,0.0
"(45, 0)",19581013.92113328,20961308.25457075,20831015.08203222,20718295.107319724,20570357.08681875,20398843.92215464,20225467.524590205,20038887.04707038,19819971.43246293,19570257.542034294,19295068.13349376,18981578.709738664,18603857.210288275,18254274.586433735,17925279.262169756,17526268.176844906,17135817.723983847,16734932.10630811,16330970.237648584,15936531.331475766,15515248.339661838,15074750.745169925,14606340.435247296,14191834.231402969,13718330.222720895,13234231.021658925,12758958.789745232,12313632.888074553,11980453.47422334,11636481.614563517,11353978.975367036,11156132.754926091,11059588.848187646,11044981.552172568,11067435.963858938,11099671.893883882,11126802.107510544,11155497.702786399,11127173.218203569,11061648.35749254,10929204.550303817,10757387.19648782,10535816.533883573,10294725.309833186,10062038.961923711,9831624.940844111,9607545.743183728,9400904.865765335,9189810.245299174,8973472.824415565,8769134.841302695,8597266.236641718,8465329.41482787,8372212.627738466,8303126.084995721,8234998.0017308565,8136210.519360763,7997272.458412446,7837834.278329135,7663966.601918079,7448591.313570687,7216219.076356146,6930949.552634404,6595999.001866301,6185417.696266502,5826385.735300102,5488662.541721291,5069944.726224007,4665322.139191676,4248282.557342315,3846417.65385434,3457698.7693175087,3059689.556109327,2655818.0583751667,2239886.3519726684,1852156.4145758976,1443697.82458677,1054379.9520626238,695630.1286729642,413373.9784779457,240425.19958530457,118493.16828443066,44986.03237028762,14399.415753426556,4294.559688636232,1353.6777179086364,583.8014528247569,310.62110106333074,151.3223265577809,104.1465857850329,29.784468072262715,3.5746232691115076,0.0,0.0,0.0,0.0,0.0,0.0,0.0,0.0,0.0,0.0,0.0
"(45, 4)",19581013.92113328,20649735.118770216,20519441.94821652,20406721.9801036,20258783.9633006,20087270.811366327,19913894.430679336,19727313.964318868,19508398.36197602,19258684.560089335,18983495.28654893,18670006.015651397,18292285.109003074,17942702.57678204,17613707.75124609,17214697.301619057,16824247.03192777,16423367.974162413,16019406.113703845,15624967.217961986,15203701.465691563,14763204.470102195,14294809.124839641,13880263.589533461,13406763.708683182,12922683.757773578,12447433.511254972,12002070.503421366,11668880.374178039,11324908.514827184,11042405.915655406,10844559.713488026,10748015.823411467,10733408.530910479,10755862.94372677,10788098.873687884,10815229.087276153,10843924.682510631,10815600.19792462,10750075.33722064,10617631.530153012,10445814.781600654,10224248.52023011,9983157.296202123,9750470.948375423,9520056.930717189,9295977.754136978,9089336.962897765,8878243.185067497,8661917.33224143,8457604.538736904,8285787.329626543,8153765.959923778,8060651.144362458,7991567.006455494,7923440.625117265,7824653.209791597,7685719.843999435,7526289.486790643,7352421.80991965,7137046.52090898,6904693.787559541,6619460.098614456,6284509.546110564,5873928.239081127,5514907.880021536,5177184.69241195,4758466.891736683,4353861.208577206,3937015.599545376,3535472.840858219,3147854.2676323447,2752273.6739583253,2351382.782127572,1939384.1156301696,1558099.318652481,1171002.2815618764,814330.8121869236,494558.42568517494,260288.03131505958,134649.41775398827,54860.82786684692,18935.648463844493,5089.557742236929,1146.078416169116,265.490978597729,78.80297036199863,25.589619607281346,5.1676379725852,2.2525247856966795,0.13941581022599112,0.0,0.0,0.0,0.0,0.0,0.0,0.0,0.0,0.0,0.0,0.0,0.0
"(45, 8)",19581013.92113328,20338162.367104027,20207868.86156768,20095148.902847078,19947210.896659732,19775697.777053382,19602321.441655472,19415740.997609787,19196825.407357603,18947111.74052009,18671922.657000314,18358433.545104757,17980713.203260016,17631130.708929267,17302136.359300856,16903126.495777607,16512676.521424945,16111803.917304754,15707842.026516663,15313403.122254224,14892154.611445727,14451658.22611596,13983280.49841458,13568694.728952892,13095211.17328795,12611137.289260602,12135926.494203057,11690515.30236206,11357307.807314795,11013338.048537388,10730832.888402658,10532986.702577198,10436442.817980792,10421835.523517057,10444289.930983108,10476525.857751286,10503656.070719711,10532351.665291423,10504027.181000177,10438502.321346859,10306058.518201213,10134242.398856819,9912680.508420547,9671589.289708199,9438902.969208738,9208489.255123183,8984411.49711228,8777774.811132185,8566690.39545272,8350390.149024251,8146109.97279417,7974308.726839055,7842203.238167065,7749090.32153552,7680008.341604608,7611883.475889726,7513096.146201679,7374167.468554582,7214744.721445646,7040877.067733752,6825501.815994438,6593168.505972935,6307970.6573178535,5973020.111828854,5562438.852362985,5203430.3734215135,4865707.861950416,4446997.134948545,4042464.360841036,3625853.2126763696,3224645.917729448,2838311.3609714154,2446750.3835694212,2047841.1080626878,1646227.8634948623,1278871.1596351473,923671.1368700105,595617.9566035876,330618.6790079987,151188.09622969065,68239.63818863724,26277.14201690777,7408.590962292715,1506.232690244456,237.39446504828874,38.15303669886606,6.149460850469468,0.8389057858323974,0.07277584208893018,0.004919178996229832,0.0,0.0,0.0,0.0,0.0,0.0,0.0,0.0,0.0,0.0,0.0,0.0,0.0
"(45, 12)",19581013.92113328,20026653.185269322,19896342.965332087,19783576.065000284,19635638.076461896,19464124.929295212,19290748.6421817,19104168.21018019,18885252.61764996,18635539.07327852,18360350.116903123,18046861.125123113,17669141.38719403,17319559.06718285,16990565.372262105,16591557.17975971,16201110.895488342,15800244.024713231,15396285.87897631,15001850.463055218,14580620.981592892,14140138.153769799,13671858.048743809,13257305.414479211,12783767.207356982,12299772.289619863,11824457.083916252,11379573.520831155,11045746.592051787,10701789.575015984,10419326.468280317,10221417.9358646,10124873.60608791,10110265.157212093,10132718.118685147,10164953.694430523,10192083.758051086,10220779.192212878,10192454.72538584,10126930.001008894,9994486.849061746,9822680.052945234,9601112.594919069,9360021.641565617,9127336.473708138,8896929.421651822,8672872.13791814,8466277.226182025,8255232.927929361,8038913.7816999,7834682.83182983,7662858.534102602,7530641.686358384,7437530.648127157,7368450.831583284,7300327.498145819,7201540.426407981,7062616.785363143,6903202.151763555,6729336.985236815,6513968.778062693,6281650.179421761,5996481.271651233,5661530.832169635,5250949.866184823,4891954.459930209,4554235.2015798995,4135551.943496777,3731114.149830029,3314957.4448435516,2914810.9701678124,2530116.225668803,2143036.8660189207,1748206.936457638,1364280.8781980404,1022745.4116835364,688932.1762576955,409269.06263647333,202841.0595263677,82927.66329055095,34264.65304043119,11122.567260269914,2499.236853261755,348.998609373632,34.63472459994643,3.130965551119712,0.16683675723196037,0.013839396340324868,0.00012718501436487993,0.0,0.0,0.0,0.0,0.0,0.0,0.0,0.0,0.0,0.0,0.0,0.0,0.0,0.0
"(45, 16)",19581013.92113328,19716822.291020304,19585736.912841827,19472140.09694716,19324111.322575577,19152555.36078868,18979175.98546599,18792595.56943293,18573679.985408276,18323966.712031092,18048778.072646085,17735289.556150746,17357571.076659832,17007990.71042259,16678999.583649658,16280001.290635405,15889566.664582012,15488722.761185395,15084805.387326045,14690408.253774617,14269392.720770758,13829055.217878623,13360892.424387109,12947400.428891648,12472459.42669582,11989348.931126665,11514665.18017518,11078962.009448115,10745156.137048004,10420443.064688848,10136801.441380613,9927692.244514652,9816644.567897405,9798908.36394738,9821226.25251083,9853448.79270759,9880566.793807708,9909249.253623886,9880925.100699073,9815409.151430342,9683017.332334157,9511347.836498795,9289579.654652618,9048533.46457718,8815977.123011066,8586191.095940392,8362895.297854053,8156948.915980128,7946580.760307678,7730800.976195435,7526954.186450291,7353894.044301483,7219172.218963259,7126084.727489937,7057025.139422874,6988885.471338413,6890105.653583573,6751207.435534349,6591849.3439613255,6418106.232396482,6202977.49879762,5971208.279259249,5686315.311747957,5351227.988045135,4940594.643359562,4581805.106858993,4243748.6182423765,3826046.7737653097,3426359.581484411,3015609.669017522,2618167.3642204753,2235894.509422819,1847430.9971171278,1465686.839999617,1101447.3921024823,788168.7771680307,491579.26348598866,262863.276928701,119401.36741728488,44190.08453013025,15406.516699263939,3964.08555030089,662.725908525297,60.112859139860966,3.255167213699063,0.10440707580412405,0.002921347042566452,6.134651394866843e-05,0.0,0.0,0.0,0.0,0.0,0.0,0.0,0.0,0.0,0.0,0.0,0.0,0.0,0.0,0.0
"(45, 20)",19581013.92113328,19447636.662236836,19321966.570918802,19198459.439067643,19050343.960082464,18873671.195968036,18701879.565611076,18505408.555753604,18278267.67328814,18027718.731089383,17750729.379598502,17437239.25493454,17063446.705705952,16713753.805858742,16377446.706317889,15976884.12952741,15589305.849924354,15189238.127013125,14787060.407720674,14386549.497143578,13965235.856913019,13526283.485622987,13055754.636602608,12639001.138727212,12166224.798624778,11682143.395793311,11223254.406400355,10802967.937944936,10486174.815750439,10187928.681708725,9944078.570002636,9788144.095307197,9714942.146899544,9698591.044039743,9690613.49998292,9682152.888074107,9670066.92594899,9654845.35271921,9602922.932596479,9518483.148223989,9376820.449478889,9203852.349654226,8982223.173516644,8748609.90937542,8512591.694451682,8282967.503114085,8062226.949816335,7853491.666887184,7645368.642596928,7439639.9433407765,7251843.789187886,7093255.457059302,6977431.476288769,6885363.60921271,6810212.991992412,6726781.260480094,6614724.845071224,6475889.554790268,6312710.459189323,6128811.144206696,5910196.124443364,5672959.8315703245,5386446.67640459,5053080.160908661,4651546.4171826225,4301394.863777017,3960248.958760302,3540854.979431342,3141408.737170824,2758239.6614296446,2368401.9169337596,1984428.402860972,1607826.1289373124,1231297.1800707553,875330.2480851066,577708.9734768154,329493.8405142675,161987.03056924735,69396.5920696218,21370.005918277056,5953.795567060741,1104.2339311516237,101.4397805853778,4.739130123939021,0.13091174082971965,0.00108121277988097,1.9096560838736903e-05,0.0,0.0,0.0,0.0,0.0,0.0,0.0,0.0,0.0,0.0,0.0,0.0,0.0,0.0,0.0,0.0
