Date_time;Water_value
31.12.2010 23:00;823.42
03.01.2011 09:00;802
03.01.2011 23:00;801.57
04.01.2011 23:00;747.53
06.01.2011 23:00;702.5
10.01.2011 23:00;678.89
11.01.2011 23:00;682.86
12.01.2011 23:00;682.86
13.01.2011 23:00;652.41
17.01.2011 23:00;621.22
18.01.2011 23:00;576.8
20.01.2011 23:00;576.8
24.01.2011 23:00;576.09
25.01.2011 23:00;515
27.01.2011 23:00;541.82
31.01.2011 23:00;541.49
01.02.2011 23:00;522.28
03.02.2011 23:00;574.52
08.02.2011 23:00;595.42
14.02.2011 23:00;588.26
15.02.2011 23:00;573.39
22.02.2011 23:00;571.11
24.02.2011 23:00;600.25
08.03.2011 23:00;580.45
21.03.2011 23:00;595.91
04.04.2011 22:00;561.44
11.05.2011 22:00;521.62
19.05.2011 22:00;502.58
28.06.2011 22:00;371.1
04.07.2011 22:00;372.2
15.08.2011 22:00;369.83
18.08.2011 22:00;373.6
25.09.2011 22:00;325
26.09.2011 22:00;325
27.09.2011 22:00;325
28.09.2011 22:00;325
29.09.2011 22:00;325
30.09.2011 22:00;325
01.10.2011 22:00;325
02.10.2011 22:00;325
03.10.2011 22:00;100
05.10.2011 22:00;100
06.10.2011 22:00;100
07.10.2011 22:00;100
08.10.2011 22:00;100
09.10.2011 22:00;100
10.10.2011 22:00;100
11.10.2011 22:00;100
12.10.2011 22:00;50
13.10.2011 22:00;50
14.10.2011 22:00;50
15.10.2011 22:00;50
16.10.2011 22:00;320
17.10.2011 22:00;383
18.10.2011 22:00;340
19.10.2011 22:00;340
20.10.2011 22:00;340
21.10.2011 22:00;340
22.10.2011 22:00;340
23.10.2011 22:00;330
24.10.2011 22:00;320
25.10.2011 22:00;320
26.10.2011 22:00;325
27.10.2011 22:00;335
28.10.2011 22:00;335
29.10.2011 22:00;335
30.10.2011 23:00;350
31.10.2011 23:00;379
01.11.2011 23:00;379
02.11.2011 23:00;377
03.11.2011 23:00;377
04.11.2011 23:00;377
05.11.2011 23:00;377
06.11.2011 23:00;396
07.11.2011 23:00;405
08.11.2011 23:00;405
09.11.2011 23:00;405
10.11.2011 23:00;405
11.11.2011 23:00;405
12.11.2011 23:00;405
13.11.2011 23:00;374
14.11.2011 23:00;330
15.11.2011 23:00;330
16.11.2011 23:00;350
17.11.2011 23:00;350
18.11.2011 23:00;350
19.11.2011 23:00;350
20.11.2011 23:00;368
21.11.2011 23:00;363
22.11.2011 23:00;363
23.11.2011 23:00;363
24.11.2011 23:00;363
25.11.2011 23:00;363
26.11.2011 23:00;363
27.11.2011 23:00;335
28.11.2011 23:00;335
29.11.2011 23:00;335
30.11.2011 23:00;335
01.12.2011 23:00;335
02.12.2011 23:00;335
03.12.2011 23:00;335
04.12.2011 23:00;327
05.12.2011 23:00;317
06.12.2011 23:00;317
07.12.2011 23:00;319
08.12.2011 23:00;319
09.12.2011 23:00;319
10.12.2011 23:00;319
11.12.2011 23:00;330
12.12.2011 23:00;330
13.12.2011 23:00;330
14.12.2011 23:00;320
15.12.2011 23:00;320
16.12.2011 23:00;320
17.12.2011 23:00;320
18.12.2011 23:00;298
19.12.2011 23:00;287
20.12.2011 23:00;287
21.12.2011 23:00;287
22.12.2011 23:00;287
23.12.2011 23:00;287
24.12.2011 23:00;287
25.12.2011 23:00;287
26.12.2011 23:00;293
27.12.2011 23:00;293
28.12.2011 23:00;304
29.12.2011 23:00;304
30.12.2011 23:00;304
31.12.2011 23:00;304
01.01.2012 23:00;290
02.01.2012 23:00;280
03.01.2012 23:00;280
04.01.2012 23:00;280
05.01.2012 23:00;280
06.01.2012 23:00;280
07.01.2012 23:00;280
08.01.2012 23:00;300
09.01.2012 23:00;300
10.01.2012 23:00;300
11.01.2012 23:00;310
12.01.2012 23:00;310
13.01.2012 23:00;310
14.01.2012 23:00;310
15.01.2012 23:00;320
16.01.2012 23:00;316
17.01.2012 23:00;316
18.01.2012 23:00;316
19.01.2012 23:00;316
20.01.2012 23:00;316
21.01.2012 23:00;316
22.01.2012 23:00;313
23.01.2012 23:00;308
24.01.2012 23:00;308
25.01.2012 23:00;316
26.01.2012 23:00;316
27.01.2012 23:00;316
28.01.2012 23:00;316
29.01.2012 23:00;320
30.01.2012 23:00;325
31.01.2012 23:00;325
01.02.2012 23:00;325
02.02.2012 23:00;325
03.02.2012 23:00;325
04.02.2012 23:00;325
05.02.2012 23:00;369
06.02.2012 23:00;360
07.02.2012 23:00;360
08.02.2012 23:00;384
09.02.2012 23:00;384
10.02.2012 23:00;384
11.02.2012 23:00;384
12.02.2012 23:00;333
13.02.2012 23:00;333
14.02.2012 23:00;324
15.02.2012 23:00;324
16.02.2012 23:00;324
17.02.2012 23:00;324
18.02.2012 23:00;324
19.02.2012 23:00;308
20.02.2012 23:00;308
21.02.2012 23:00;290
22.02.2012 23:00;285
23.02.2012 23:00;285
24.02.2012 23:00;285
25.02.2012 23:00;285
26.02.2012 23:00;295
27.02.2012 23:00;300
28.02.2012 23:00;300
29.02.2012 23:00;280
01.03.2012 23:00;280
02.03.2012 23:00;280
03.03.2012 23:00;280
04.03.2012 23:00;250
05.03.2012 23:00;250
06.03.2012 23:00;250
07.03.2012 23:00;230
08.03.2012 23:00;230
09.03.2012 23:00;230
10.03.2012 23:00;230
11.03.2012 23:00;210
12.03.2012 23:00;200
13.03.2012 23:00;200
14.03.2012 23:00;200
15.03.2012 23:00;200
16.03.2012 23:00;200
17.03.2012 23:00;200
18.03.2012 23:00;200
19.03.2012 23:00;200
20.03.2012 23:00;200
21.03.2012 23:00;200
22.03.2012 23:00;200
23.03.2012 23:00;200
24.03.2012 23:00;200
25.03.2012 22:00;190
26.03.2012 22:00;190
27.03.2012 22:00;190
28.03.2012 22:00;190
29.03.2012 22:00;190
30.03.2012 22:00;190
31.03.2012 22:00;190
01.04.2012 22:00;50
02.04.2012 22:00;50
03.04.2012 22:00;50
04.04.2012 22:00;50
05.04.2012 22:00;50
06.04.2012 22:00;50
07.04.2012 22:00;50
08.04.2012 22:00;50
09.04.2012 22:00;200
10.04.2012 22:00;200
11.04.2012 22:00;200
12.04.2012 22:00;200
13.04.2012 22:00;200
14.04.2012 22:00;200
15.04.2012 22:00;220
16.04.2012 22:00;220
17.04.2012 22:00;220
18.04.2012 22:00;220
19.04.2012 22:00;220
20.04.2012 22:00;220
21.04.2012 22:00;220
22.04.2012 22:00;250
23.04.2012 22:00;250
24.04.2012 22:00;250
25.04.2012 22:00;250
26.04.2012 22:00;250
27.04.2012 22:00;250
28.04.2012 22:00;250
29.04.2012 22:00;0
30.04.2012 22:00;0
01.05.2012 22:00;0
02.05.2012 22:00;0
03.05.2012 22:00;0
04.05.2012 22:00;0
05.05.2012 22:00;0
06.05.2012 22:00;0
07.05.2012 22:00;0
08.05.2012 22:00;0
09.05.2012 22:00;0
10.05.2012 22:00;0
11.05.2012 22:00;0
12.05.2012 22:00;0
13.05.2012 22:00;0
14.05.2012 22:00;0
15.05.2012 22:00;0
16.05.2012 22:00;0
17.05.2012 22:00;0
18.05.2012 22:00;0
19.05.2012 22:00;0
20.05.2012 22:00;0
21.05.2012 22:00;0
22.05.2012 22:00;0
23.05.2012 22:00;0
24.05.2012 22:00;0
25.05.2012 22:00;0
26.05.2012 22:00;0
27.05.2012 22:00;0
28.05.2012 22:00;300
29.05.2012 22:00;300
30.05.2012 22:00;300
31.05.2012 22:00;300
01.06.2012 22:00;300
02.06.2012 22:00;300
03.06.2012 22:00;300
04.06.2012 22:00;290
05.06.2012 22:00;290
06.06.2012 22:00;290
07.06.2012 22:00;290
08.06.2012 22:00;290
09.06.2012 22:00;290
10.06.2012 22:00;280
11.06.2012 22:00;280
12.06.2012 22:00;234
13.06.2012 22:00;234
14.06.2012 22:00;234
15.06.2012 22:00;234
16.06.2012 22:00;234
17.06.2012 22:00;234
18.06.2012 22:00;230
19.06.2012 22:00;230
20.06.2012 22:00;230
21.06.2012 22:00;230
22.06.2012 22:00;230
23.06.2012 22:00;230
24.06.2012 22:00;226
25.06.2012 22:00;226
26.06.2012 22:00;226
27.06.2012 22:00;236
28.06.2012 22:00;236
29.06.2012 22:00;236
30.06.2012 22:00;236
01.07.2012 22:00;247
02.07.2012 22:00;241
03.07.2012 22:00;241
04.07.2012 22:00;229
05.07.2012 22:00;229
06.07.2012 22:00;229
07.07.2012 22:00;229
08.07.2012 22:00;228
09.07.2012 22:00;228
10.07.2012 22:00;228
11.07.2012 22:00;228
12.07.2012 22:00;228
13.07.2012 22:00;228
14.07.2012 22:00;228
15.07.2012 22:00;196
16.07.2012 22:00;196
17.07.2012 22:00;196
18.07.2012 22:00;196
19.07.2012 22:00;196
20.07.2012 22:00;196
21.07.2012 22:00;196
22.07.2012 22:00;196
23.07.2012 22:00;187
24.07.2012 22:00;187
25.07.2012 22:00;187
26.07.2012 22:00;187
27.07.2012 22:00;187
28.07.2012 22:00;187
29.07.2012 22:00;187
30.07.2012 22:00;179
31.07.2012 22:00;179
01.08.2012 22:00;179
02.08.2012 22:00;179
03.08.2012 22:00;179
04.08.2012 22:00;179
05.08.2012 22:00;179
06.08.2012 22:00;200
07.08.2012 22:00;200
08.08.2012 22:00;222
09.08.2012 22:00;222
10.08.2012 22:00;222
11.08.2012 22:00;222
12.08.2012 22:00;219
13.08.2012 22:00;234
14.08.2012 22:00;234
15.08.2012 22:00;234
16.08.2012 22:00;234
17.08.2012 22:00;234
18.08.2012 22:00;234
19.08.2012 22:00;234
20.08.2012 22:00;220
21.08.2012 22:00;220
22.08.2012 22:00;239
23.08.2012 22:00;239
24.08.2012 22:00;239
25.08.2012 22:00;239
26.08.2012 22:00;239
27.08.2012 22:00;226
28.08.2012 22:00;226
29.08.2012 22:00;226
30.08.2012 22:00;218
31.08.2012 22:00;218
01.09.2012 22:00;218
02.09.2012 22:00;230
03.09.2012 22:00;260
04.09.2012 22:00;260
05.09.2012 22:00;260
06.09.2012 22:00;260
07.09.2012 22:00;260
08.09.2012 22:00;260
09.09.2012 22:00;270
10.09.2012 22:00;270
11.09.2012 22:00;270
12.09.2012 22:00;238
13.09.2012 22:00;238
14.09.2012 22:00;238
15.09.2012 22:00;238
16.09.2012 22:00;238
17.09.2012 22:00;238
18.09.2012 22:00;238
19.09.2012 22:00;238
20.09.2012 22:00;238
21.09.2012 22:00;238
22.09.2012 22:00;238
23.09.2012 22:00;248
24.09.2012 22:00;250
25.09.2012 22:00;250
26.09.2012 22:00;250
27.09.2012 22:00;250
28.09.2012 22:00;250
29.09.2012 22:00;250
30.09.2012 22:00;250
01.10.2012 22:00;250
02.10.2012 22:00;297
03.10.2012 22:00;305
04.10.2012 22:00;305
05.10.2012 22:00;305
06.10.2012 22:00;305
07.10.2012 22:00;320
08.10.2012 22:00;320
09.10.2012 22:00;320
10.10.2012 22:00;323
11.10.2012 22:00;323
12.10.2012 22:00;323
13.10.2012 22:00;323
14.10.2012 22:00;315
15.10.2012 22:00;320
16.10.2012 22:00;320
17.10.2012 22:00;320
18.10.2012 22:00;320
19.10.2012 22:00;320
20.10.2012 22:00;320
21.10.2012 22:00;334
22.10.2012 22:00;330
23.10.2012 22:00;330
24.10.2012 22:00;311
25.10.2012 22:00;311
26.10.2012 22:00;311
27.10.2012 22:00;311
28.10.2012 23:00;312
29.10.2012 23:00;315
30.10.2012 23:00;315
31.10.2012 23:00;315
01.11.2012 23:00;309
02.11.2012 23:00;309
03.11.2012 23:00;309
04.11.2012 23:00;309
05.11.2012 23:00;309
06.11.2012 23:00;309
07.11.2012 23:00;309
08.11.2012 23:00;310
09.11.2012 23:00;310
10.11.2012 23:00;310
11.11.2012 23:00;300
12.11.2012 23:00;300
13.11.2012 23:00;302
14.11.2012 23:00;250
15.11.2012 23:00;250
16.11.2012 23:00;250
17.11.2012 23:00;250
18.11.2012 23:00;275
19.11.2012 23:00;275
20.11.2012 23:00;275
21.11.2012 23:00;304
22.11.2012 23:00;304
23.11.2012 23:00;304
24.11.2012 23:00;304
25.11.2012 23:00;300
26.11.2012 23:00;295
27.11.2012 23:00;295
28.11.2012 23:00;307
29.11.2012 23:00;307
30.11.2012 23:00;307
01.12.2012 23:00;307
02.12.2012 23:00;314
03.12.2012 23:00;314
04.12.2012 23:00;314
05.12.2012 23:00;339
06.12.2012 23:00;339
07.12.2012 23:00;339
08.12.2012 23:00;339
09.12.2012 23:00;321
10.12.2012 23:00;325
11.12.2012 23:00;325
12.12.2012 23:00;325
13.12.2012 23:00;320
14.12.2012 23:00;320
15.12.2012 23:00;320
16.12.2012 23:00;327
17.12.2012 23:00;331
18.12.2012 23:00;331
19.12.2012 23:00;343
20.12.2012 23:00;343
21.12.2012 23:00;343
22.12.2012 23:00;343
23.12.2012 23:00;352
24.12.2012 23:00;352
25.12.2012 23:00;352
26.12.2012 23:00;352
27.12.2012 23:00;352
28.12.2012 23:00;352
29.12.2012 23:00;352
30.12.2012 23:00;352
31.12.2012 23:00;352
01.01.2013 23:00;352
02.01.2013 23:00;329
03.01.2013 23:00;329
04.01.2013 23:00;329
05.01.2013 23:00;329
06.01.2013 23:00;361
07.01.2013 23:00;364
08.01.2013 23:00;364
09.01.2013 23:00;377
10.01.2013 23:00;377
11.01.2013 23:00;377
12.01.2013 23:00;377
13.01.2013 23:00;349
14.01.2013 23:00;349
15.01.2013 23:00;349
16.01.2013 23:00;357
17.01.2013 23:00;357
18.01.2013 23:00;357
19.01.2013 23:00;357
20.01.2013 23:00;303
21.01.2013 23:00;305
22.01.2013 23:00;305
23.01.2013 23:00;305
24.01.2013 23:00;305
25.01.2013 23:00;305
26.01.2013 23:00;305
27.01.2013 23:00;310
28.01.2013 23:00;310
29.01.2013 23:00;310
30.01.2013 23:00;320
31.01.2013 23:00;320
01.02.2013 23:00;349
02.02.2013 23:00;320
03.02.2013 23:00;314
04.02.2013 23:00;314
05.02.2013 23:00;303
06.02.2013 23:00;309
07.02.2013 23:00;309
08.02.2013 23:00;309
09.02.2013 23:00;309
10.02.2013 23:00;318
11.02.2013 23:00;318
12.02.2013 23:00;318
13.02.2013 23:00;318
14.02.2013 23:00;320
15.02.2013 23:00;320
16.02.2013 23:00;320
17.02.2013 23:00;312
18.02.2013 23:00;319
19.02.2013 23:00;319
20.02.2013 23:00;322
21.02.2013 23:00;322
22.02.2013 23:00;322
23.02.2013 23:00;322
24.02.2013 23:00;330
25.02.2013 23:00;324
26.02.2013 23:00;324
27.02.2013 23:00;324
28.02.2013 23:00;324
01.03.2013 23:00;324
02.03.2013 23:00;324
03.03.2013 23:00;313
04.03.2013 23:00;313
05.03.2013 23:00;313
06.03.2013 23:00;335
07.03.2013 23:00;335
08.03.2013 23:00;335
09.03.2013 23:00;335
10.03.2013 23:00;325
11.03.2013 23:00;325
12.03.2013 23:00;325
13.03.2013 23:00;325
14.03.2013 23:00;325
15.03.2013 23:00;325
16.03.2013 23:00;325
17.03.2013 23:00;334
18.03.2013 23:00;340
19.03.2013 23:00;340
20.03.2013 23:00;340
21.03.2013 23:00;354
22.03.2013 23:00;354
23.03.2013 23:00;354
24.03.2013 23:00;350
25.03.2013 23:00;365
26.03.2013 23:00;365
27.03.2013 23:00;365
28.03.2013 23:00;365
29.03.2013 23:00;365
30.03.2013 23:00;365
31.03.2013 22:00;365
01.04.2013 22:00;362
02.04.2013 22:00;362
03.04.2013 22:00;362
04.04.2013 22:00;362
05.04.2013 22:00;362
06.04.2013 22:00;362
07.04.2013 22:00;362
08.04.2013 22:00;362
10.04.2013 22:00;355
11.04.2013 22:00;355
12.04.2013 22:00;355
13.04.2013 22:00;355
14.04.2013 22:00;355
15.04.2013 22:00;355
16.04.2013 22:00;355
17.04.2013 22:00;315
18.04.2013 22:00;315
19.04.2013 22:00;315
20.04.2013 22:00;315
21.04.2013 22:00;330
22.04.2013 22:00;330
23.04.2013 22:00;330
24.04.2013 22:00;330
25.04.2013 22:00;330
26.04.2013 22:00;330
27.04.2013 22:00;330
28.04.2013 22:00;333
29.04.2013 22:00;0
30.04.2013 22:00;0
01.05.2013 22:00;0
02.05.2013 22:00;0
03.05.2013 22:00;0
04.05.2013 22:00;0
05.05.2013 22:00;0
06.05.2013 22:00;0
07.05.2013 22:00;0
08.05.2013 22:00;0
09.05.2013 22:00;0
10.05.2013 22:00;0
11.05.2013 22:00;0
12.05.2013 22:00;0
13.05.2013 22:00;0
14.05.2013 22:00;0
15.05.2013 22:00;0
16.05.2013 22:00;0
17.05.2013 22:00;0
18.05.2013 22:00;0
19.05.2013 22:00;0
20.05.2013 22:00;0
21.05.2013 22:00;0
22.05.2013 22:00;0
23.05.2013 22:00;0
24.05.2013 22:00;0
25.05.2013 22:00;0
26.05.2013 22:00;0
27.05.2013 22:00;0
28.05.2013 22:00;0
29.05.2013 22:00;0
30.05.2013 22:00;0
31.05.2013 22:00;0
01.06.2013 22:00;0
02.06.2013 22:00;0
03.06.2013 22:00;0
04.06.2013 22:00;0
05.06.2013 22:00;0
06.06.2013 22:00;0
07.06.2013 22:00;0
08.06.2013 22:00;0
09.06.2013 22:00;0
10.06.2013 22:00;0
11.06.2013 22:00;0
12.06.2013 22:00;0
13.06.2013 22:00;0
14.06.2013 22:00;0
15.06.2013 22:00;0
16.06.2013 22:00;0
17.06.2013 22:00;0
18.06.2013 22:00;0
19.06.2013 22:00;0
20.06.2013 22:00;0
21.06.2013 22:00;0
22.06.2013 22:00;0
23.06.2013 22:00;0
24.06.2013 22:00;0
25.06.2013 22:00;0
26.06.2013 22:00;300
27.06.2013 22:00;300
28.06.2013 22:00;300
29.06.2013 22:00;300
30.06.2013 22:00;297
01.07.2013 22:00;305
02.07.2013 22:00;305
03.07.2013 22:00;305
04.07.2013 22:00;305
05.07.2013 22:00;305
06.07.2013 22:00;305
07.07.2013 22:00;305
08.07.2013 22:00;287
09.07.2013 22:00;287
10.07.2013 22:00;287
11.07.2013 22:00;287
12.07.2013 22:00;287
13.07.2013 22:00;287
14.07.2013 22:00;299
15.07.2013 22:00;305
16.07.2013 22:00;305
17.07.2013 22:00;305
18.07.2013 22:00;305
19.07.2013 22:00;305
20.07.2013 22:00;305
21.07.2013 22:00;305
22.07.2013 22:00;311
23.07.2013 22:00;311
24.07.2013 22:00;311
25.07.2013 22:00;311
26.07.2013 22:00;311
27.07.2013 22:00;311
28.07.2013 22:00;311
29.07.2013 22:00;311
30.07.2013 22:00;311
31.07.2013 22:00;311
01.08.2013 22:00;311
02.08.2013 22:00;311
03.08.2013 22:00;311
04.08.2013 22:00;299
05.08.2013 22:00;299
06.08.2013 22:00;299
07.08.2013 22:00;301
08.08.2013 22:00;301
09.08.2013 22:00;301
10.08.2013 22:00;301
11.08.2013 22:00;301
12.08.2013 22:00;301
13.08.2013 22:00;301
14.08.2013 22:00;301
15.08.2013 22:00;301
16.08.2013 22:00;301
17.08.2013 22:00;301
18.08.2013 22:00;312
19.08.2013 22:00;309
20.08.2013 22:00;309
21.08.2013 22:00;309
22.08.2013 22:00;309
23.08.2013 22:00;309
24.08.2013 22:00;309
25.08.2013 22:00;325
26.08.2013 22:00;325
27.08.2013 22:00;325
28.08.2013 22:00;334
29.08.2013 22:00;334
30.08.2013 22:00;334
31.08.2013 22:00;334
01.09.2013 22:00;347
02.09.2013 22:00;359
03.09.2013 22:00;359
04.09.2013 22:00;359
05.09.2013 22:00;359
06.09.2013 22:00;359
07.09.2013 22:00;359
08.09.2013 22:00;361
09.09.2013 22:00;360
10.09.2013 22:00;360
11.09.2013 22:00;360
12.09.2013 22:00;360
13.09.2013 22:00;360
14.09.2013 22:00;360
15.09.2013 22:00;355
16.09.2013 22:00;356
17.09.2013 22:00;356
18.09.2013 22:00;365
19.09.2013 22:00;365
20.09.2013 22:00;365
21.09.2013 22:00;365
22.09.2013 22:00;363
23.09.2013 22:00;383
24.09.2013 22:00;383
25.09.2013 22:00;383
26.09.2013 22:00;390
27.09.2013 22:00;390
28.09.2013 22:00;390
29.09.2013 22:00;393
30.09.2013 22:00;388
01.10.2013 22:00;388
02.10.2013 22:00;388
03.10.2013 22:00;388
04.10.2013 22:00;388
05.10.2013 22:00;388
06.10.2013 22:00;400
07.10.2013 22:00;398
08.10.2013 22:00;398
09.10.2013 22:00;398
10.10.2013 22:00;398
11.10.2013 22:00;398
12.10.2013 22:00;398
13.10.2013 22:00;410
14.10.2013 22:00;410
15.10.2013 22:00;395
16.10.2013 22:00;395
17.10.2013 22:00;395
18.10.2013 22:00;395
19.10.2013 22:00;395
20.10.2013 22:00;395
21.10.2013 22:00;390
22.10.2013 22:00;390
23.10.2013 22:00;390
24.10.2013 22:00;390
25.10.2013 22:00;390
26.10.2013 22:00;390
27.10.2013 23:00;390
28.10.2013 23:00;380
29.10.2013 23:00;365
30.10.2013 23:00;365
31.10.2013 23:00;350
01.11.2013 23:00;350
02.11.2013 23:00;350
03.11.2013 23:00;350
04.11.2013 23:00;342
05.11.2013 23:00;350
06.11.2013 23:00;350
07.11.2013 23:00;350
08.11.2013 23:00;350
09.11.2013 23:00;350
10.11.2013 23:00;346
11.11.2013 23:00;362
12.11.2013 23:00;362
13.11.2013 23:00;374
14.11.2013 23:00;374
15.11.2013 23:00;374
16.11.2013 23:00;374
17.11.2013 23:00;374
18.11.2013 23:00;375
19.11.2013 23:00;371
20.11.2013 23:00;323
21.11.2013 23:00;323
22.11.2013 23:00;323
23.11.2013 23:00;323
24.11.2013 23:00;335
25.11.2013 23:00;335
26.11.2013 23:00;335
27.11.2013 23:00;335
28.11.2013 23:00;338
29.11.2013 23:00;338
30.11.2013 23:00;338
01.12.2013 23:00;322
02.12.2013 23:00;300
03.12.2013 23:00;300
04.12.2013 23:00;240
05.12.2013 23:00;320
06.12.2013 23:00;320
07.12.2013 23:00;320
08.12.2013 23:00;318
09.12.2013 23:00;315
10.12.2013 23:00;315
11.12.2013 23:00;303
12.12.2013 23:00;303
13.12.2013 23:00;303
14.12.2013 23:00;303
15.12.2013 23:00;303
16.12.2013 23:00;314
17.12.2013 23:00;314
18.12.2013 23:00;314
19.12.2013 23:00;314
20.12.2013 23:00;314
21.12.2013 23:00;314
22.12.2013 23:00;301
23.12.2013 23:00;301
24.12.2013 23:00;301
25.12.2013 23:00;301
26.12.2013 23:00;301
27.12.2013 23:00;301
28.12.2013 23:00;301
29.12.2013 23:00;301
30.12.2013 23:00;301
31.12.2013 23:00;301
01.01.2014 23:00;271
02.01.2014 23:00;271
03.01.2014 23:00;271
04.01.2014 23:00;271
05.01.2014 23:00;293
06.01.2014 23:00;295
07.01.2014 23:00;295
08.01.2014 23:00;304
09.01.2014 23:00;304
10.01.2014 23:00;304
11.01.2014 23:00;304
12.01.2014 23:00;278
13.01.2014 23:00;278
14.01.2014 23:00;282
15.01.2014 23:00;282
16.01.2014 23:00;282
17.01.2014 23:00;282
18.01.2014 23:00;282
19.01.2014 23:00;289
20.01.2014 23:00;295
21.01.2014 23:00;295
22.01.2014 23:00;295
23.01.2014 23:00;295
24.01.2014 23:00;295
25.01.2014 23:00;295
26.01.2014 23:00;287
27.01.2014 23:00;274
28.01.2014 23:00;274
29.01.2014 23:00;270
30.01.2014 23:00;270
31.01.2014 23:00;270
01.02.2014 23:00;270
02.02.2014 23:00;273
03.02.2014 23:00;275
04.02.2014 23:00;275
05.02.2014 23:00;275
06.02.2014 23:00;289
07.02.2014 23:00;275
08.02.2014 23:00;275
09.02.2014 23:00;275
10.02.2014 23:00;270
11.02.2014 23:00;270
12.02.2014 23:00;270
13.02.2014 23:00;270
14.02.2014 23:00;270
15.02.2014 23:00;270
16.02.2014 23:00;258
17.02.2014 23:00;260
18.02.2014 23:00;260
19.02.2014 23:00;260
20.02.2014 23:00;260
21.02.2014 23:00;260
22.02.2014 23:00;260
23.02.2014 23:00;249
24.02.2014 23:00;250
25.02.2014 23:00;250
26.02.2014 23:00;250
27.02.2014 23:00;250
28.02.2014 23:00;250
01.03.2014 23:00;250
02.03.2014 23:00;248
03.03.2014 23:00;245
04.03.2014 23:00;245
05.03.2014 23:00;236
06.03.2014 23:00;236
07.03.2014 23:00;236
08.03.2014 23:00;236
09.03.2014 23:00;243
10.03.2014 23:00;237
11.03.2014 23:00;237
12.03.2014 23:00;228
13.03.2014 23:00;228
14.03.2014 23:00;228
15.03.2014 23:00;228
16.03.2014 23:00;229
17.03.2014 23:00;225
18.03.2014 23:00;225
19.03.2014 23:00;225
20.03.2014 23:00;225
21.03.2014 23:00;225
22.03.2014 23:00;225
23.03.2014 23:00;225
24.03.2014 23:00;237
25.03.2014 23:00;237
26.03.2014 23:00;237
27.03.2014 23:00;237
28.03.2014 23:00;237
29.03.2014 23:00;237
30.03.2014 22:00;227
31.03.2014 22:00;234
01.04.2014 22:00;234
02.04.2014 22:00;234
03.04.2014 22:00;234
04.04.2014 22:00;234
05.04.2014 22:00;234
06.04.2014 22:00;239
07.04.2014 22:00;240
08.04.2014 22:00;240
09.04.2014 22:00;227
10.04.2014 22:00;227
11.04.2014 22:00;227
12.04.2014 22:00;227
13.04.2014 22:00;248
14.04.2014 22:00;244
15.04.2014 22:00;244
16.04.2014 22:00;244
17.04.2014 22:00;244
18.04.2014 22:00;244
19.04.2014 22:00;244
20.04.2014 22:00;244
21.04.2014 22:00;243
22.04.2014 22:00;230
23.04.2014 22:00;243
24.04.2014 22:00;243
25.04.2014 22:00;243
26.04.2014 22:00;243
27.04.2014 22:00;274
28.04.2014 22:00;272
29.04.2014 22:00;272
30.04.2014 22:00;272
01.05.2014 22:00;272
02.05.2014 22:00;272
03.05.2014 22:00;272
04.05.2014 22:00;266
05.05.2014 22:00;266
06.05.2014 22:00;261
07.05.2014 22:00;261
08.05.2014 22:00;261
09.05.2014 22:00;261
10.05.2014 22:00;261
11.05.2014 22:00;294
12.05.2014 22:00;295
13.05.2014 22:00;295
14.05.2014 22:00;295
15.05.2014 22:00;295
16.05.2014 22:00;295
17.05.2014 22:00;295
18.05.2014 22:00;266
19.05.2014 22:00;266
20.05.2014 22:00;266
21.05.2014 22:00;266
22.05.2014 22:00;266
23.05.2014 22:00;266
24.05.2014 22:00;266
25.05.2014 22:00;270
26.05.2014 22:00;287
27.05.2014 22:00;287
28.05.2014 22:00;287
29.05.2014 22:00;287
30.05.2014 22:00;287
31.05.2014 22:00;287
01.06.2014 22:00;268
02.06.2014 22:00;256
03.06.2014 22:00;256
04.06.2014 22:00;248
05.06.2014 22:00;248
06.06.2014 22:00;248
07.06.2014 22:00;248
08.06.2014 22:00;248
09.06.2014 22:00;248
10.06.2014 22:00;239
11.06.2014 22:00;239
12.06.2014 22:00;239
13.06.2014 22:00;239
14.06.2014 22:00;239
15.06.2014 22:00;235
16.06.2014 22:00;238
17.06.2014 22:00;238
18.06.2014 22:00;237
19.06.2014 22:00;237
20.06.2014 22:00;237
21.06.2014 22:00;237
22.06.2014 22:00;218
23.06.2014 22:00;231
24.06.2014 22:00;231
25.06.2014 22:00;242
26.06.2014 22:00;242
27.06.2014 22:00;242
28.06.2014 22:00;242
29.06.2014 22:00;254
30.06.2014 22:00;281
01.07.2014 22:00;281
02.07.2014 22:00;281
03.07.2014 22:00;281
04.07.2014 22:00;281
05.07.2014 22:00;281
06.07.2014 22:00;281
07.07.2014 22:00;278
08.07.2014 22:00;278
09.07.2014 22:00;278
10.07.2014 22:00;278
11.07.2014 22:00;278
12.07.2014 22:00;278
13.07.2014 22:00;278
14.07.2014 22:00;287
15.07.2014 22:00;287
16.07.2014 22:00;287
17.07.2014 22:00;287
18.07.2014 22:00;287
19.07.2014 22:00;287
20.07.2014 22:00;286
21.07.2014 22:00;286
22.07.2014 22:00;286
23.07.2014 22:00;286
24.07.2014 22:00;286
25.07.2014 22:00;286
26.07.2014 22:00;286
27.07.2014 22:00;286
28.07.2014 22:00;286
29.07.2014 22:00;286
30.07.2014 22:00;286
31.07.2014 22:00;286
01.08.2014 22:00;286
02.08.2014 22:00;286
03.08.2014 22:00;293
04.08.2014 22:00;292
05.08.2014 22:00;292
06.08.2014 22:00;292
07.08.2014 22:00;292
08.08.2014 22:00;292
09.08.2014 22:00;292
10.08.2014 22:00;287
11.08.2014 22:00;289
12.08.2014 22:00;289
13.08.2014 22:00;289
14.08.2014 22:00;289
15.08.2014 22:00;289
16.08.2014 22:00;289
17.08.2014 22:00;289
18.08.2014 22:00;292
19.08.2014 22:00;292
20.08.2014 22:00;292
21.08.2014 22:00;292
22.08.2014 22:00;292
23.08.2014 22:00;292
24.08.2014 22:00;296
25.08.2014 22:00;299
26.08.2014 22:00;299
27.08.2014 22:00;299
28.08.2014 22:00;299
29.08.2014 22:00;299
30.08.2014 22:00;299
31.08.2014 22:00;309
01.09.2014 22:00;312
02.09.2014 22:00;312
03.09.2014 22:00;312
04.09.2014 22:00;312
05.09.2014 22:00;312
06.09.2014 22:00;312
07.09.2014 22:00;306
08.09.2014 22:00;311
09.09.2014 22:00;311
10.09.2014 22:00;315
11.09.2014 22:00;315
12.09.2014 22:00;315
13.09.2014 22:00;315
14.09.2014 22:00;329
15.09.2014 22:00;327
16.09.2014 22:00;327
17.09.2014 22:00;327
18.09.2014 22:00;327
19.09.2014 22:00;327
20.09.2014 22:00;327
21.09.2014 22:00;331
22.09.2014 22:00;331
23.09.2014 22:00;331
24.09.2014 22:00;331
25.09.2014 22:00;331
26.09.2014 22:00;331
27.09.2014 22:00;331
28.09.2014 22:00;316
29.09.2014 22:00;336
30.09.2014 22:00;336
01.10.2014 22:00;336
02.10.2014 22:00;336
03.10.2014 22:00;336
04.10.2014 22:00;336
05.10.2014 22:00;315
06.10.2014 22:00;306
07.10.2014 22:00;306
08.10.2014 22:00;306
09.10.2014 22:00;306
10.10.2014 22:00;306
11.10.2014 22:00;306
12.10.2014 22:00;306
13.10.2014 22:00;298
14.10.2014 22:00;298
15.10.2014 22:00;298
16.10.2014 22:00;298
17.10.2014 22:00;298
18.10.2014 22:00;298
19.10.2014 22:00;308
20.10.2014 22:00;310
21.10.2014 22:00;310
22.10.2014 22:00;310
23.10.2014 22:00;310
24.10.2014 22:00;310
25.10.2014 22:00;310
26.10.2014 23:00;273
27.10.2014 23:00;273
28.10.2014 23:00;273
29.10.2014 23:00;284
30.10.2014 23:00;284
31.10.2014 23:00;284
01.11.2014 23:00;284
02.11.2014 23:00;294
03.11.2014 23:00;305
04.11.2014 23:00;305
05.11.2014 23:00;305
06.11.2014 23:00;305
07.11.2014 23:00;305
08.11.2014 23:00;305
09.11.2014 23:00;308
10.11.2014 23:00;308
11.11.2014 23:00;308
12.11.2014 23:00;308
13.11.2014 23:00;308
14.11.2014 23:00;308
15.11.2014 23:00;308
16.11.2014 23:00;308
17.11.2014 23:00;296
18.11.2014 23:00;296
19.11.2014 23:00;301
20.11.2014 23:00;301
21.11.2014 23:00;301
22.11.2014 23:00;301
23.11.2014 23:00;305
24.11.2014 23:00;310
25.11.2014 23:00;310
26.11.2014 23:00;310
27.11.2014 23:00;310
28.11.2014 23:00;310
29.11.2014 23:00;310
30.11.2014 23:00;300
01.12.2014 23:00;300
02.12.2014 23:00;300
03.12.2014 23:00;300
04.12.2014 23:00;300
05.12.2014 23:00;300
06.12.2014 23:00;300
07.12.2014 23:00;304
08.12.2014 23:00;304
09.12.2014 23:00;304
10.12.2014 23:00;304
11.12.2014 23:00;304
12.12.2014 23:00;304
13.12.2014 23:00;304
14.12.2014 23:00;332
15.12.2014 23:00;332
16.12.2014 23:00;332
17.12.2014 23:00;332
18.12.2014 23:00;332
19.12.2014 23:00;332
20.12.2014 23:00;332
21.12.2014 23:00;315
22.12.2014 23:00;315
23.12.2014 23:00;315
24.12.2014 23:00;315
25.12.2014 23:00;315
26.12.2014 23:00;315
27.12.2014 23:00;315
28.12.2014 23:00;290
29.12.2014 23:00;276
30.12.2014 23:00;276
31.12.2014 23:00;276
01.01.2015 23:00;276
02.01.2015 23:00;276
03.01.2015 23:00;276
04.01.2015 23:00;276
05.01.2015 23:00;276
06.01.2015 23:00;263
07.01.2015 23:00;263
08.01.2015 23:00;263
09.01.2015 23:00;263
10.01.2015 23:00;263
11.01.2015 23:00;274
12.01.2015 23:00;282
13.01.2015 23:00;282
14.01.2015 23:00;282
15.01.2015 23:00;282
16.01.2015 23:00;282
17.01.2015 23:00;282
18.01.2015 23:00;255
19.01.2015 23:00;255
20.01.2015 23:00;255
21.01.2015 23:00;255
22.01.2015 23:00;255
23.01.2015 23:00;255
24.01.2015 23:00;255
25.01.2015 23:00;275
26.01.2015 23:00;275
27.01.2015 23:00;275
28.01.2015 23:00;279
29.01.2015 23:00;279
30.01.2015 23:00;279
31.01.2015 23:00;279
01.02.2015 23:00;241
02.02.2015 23:00;236
03.02.2015 23:00;236
04.02.2015 23:00;236
05.02.2015 23:00;236
06.02.2015 23:00;236
07.02.2015 23:00;236
08.02.2015 23:00;237
09.02.2015 23:00;237
10.02.2015 23:00;237
11.02.2015 23:00;237
12.02.2015 23:00;237
13.02.2015 23:00;237
14.02.2015 23:00;237
15.02.2015 23:00;237
16.02.2015 23:00;233
17.02.2015 23:00;233
18.02.2015 23:00;233
19.02.2015 23:00;233
20.02.2015 23:00;233
21.02.2015 23:00;233
22.02.2015 23:00;223
23.02.2015 23:00;230
24.02.2015 23:00;230
25.02.2015 23:00;238
26.02.2015 23:00;238
27.02.2015 23:00;238
28.02.2015 23:00;238
01.03.2015 23:00;238
02.03.2015 23:00;218
03.03.2015 23:00;218
04.03.2015 23:00;218
05.03.2015 23:00;218
06.03.2015 23:00;218
07.03.2015 23:00;218
08.03.2015 23:00;218
09.03.2015 23:00;218
10.03.2015 23:00;218
11.03.2015 23:00;222
12.03.2015 23:00;222
13.03.2015 23:00;222
14.03.2015 23:00;222
15.03.2015 23:00;222
16.03.2015 23:00;224
17.03.2015 23:00;224
18.03.2015 23:00;224
19.03.2015 23:00;224
20.03.2015 23:00;224
21.03.2015 23:00;224
22.03.2015 23:00;215
23.03.2015 23:00;216
24.03.2015 23:00;216
25.03.2015 23:00;216
26.03.2015 23:00;216
27.03.2015 23:00;216
28.03.2015 23:00;216
29.03.2015 22:00;228
30.03.2015 22:00;231
31.03.2015 22:00;231
01.04.2015 22:00;231
02.04.2015 22:00;231
03.04.2015 22:00;231
04.04.2015 22:00;231
05.04.2015 22:00;231
06.04.2015 22:00;231
07.04.2015 22:00;247
08.04.2015 22:00;247
09.04.2015 22:00;247
10.04.2015 22:00;247
11.04.2015 22:00;247
12.04.2015 22:00;241
13.04.2015 22:00;241
14.04.2015 22:00;241
15.04.2015 22:00;241
16.04.2015 22:00;241
17.04.2015 22:00;241
18.04.2015 22:00;241
19.04.2015 22:00;241
20.04.2015 22:00;220
21.04.2015 22:00;220
22.04.2015 22:00;220
23.04.2015 22:00;220
24.04.2015 22:00;220
25.04.2015 22:00;220
26.04.2015 22:00;220
27.04.2015 22:00;220
28.04.2015 22:00;220
29.04.2015 22:00;220
30.04.2015 22:00;220
01.05.2015 22:00;220
02.05.2015 22:00;220
03.05.2015 22:00;220
04.05.2015 22:00;212
05.05.2015 22:00;212
06.05.2015 22:00;212
07.05.2015 22:00;212
08.05.2015 22:00;212
09.05.2015 22:00;212
10.05.2015 22:00;197
11.05.2015 22:00;197
12.05.2015 22:00;197
13.05.2015 22:00;197
14.05.2015 22:00;197
15.05.2015 22:00;197
16.05.2015 22:00;197
17.05.2015 22:00;197
18.05.2015 22:00;170
19.05.2015 22:00;170
20.05.2015 22:00;170
21.05.2015 22:00;170
22.05.2015 22:00;170
23.05.2015 22:00;170
24.05.2015 22:00;170
25.05.2015 22:00;170
26.05.2015 22:00;170
27.05.2015 22:00;170
28.05.2015 22:00;170
29.05.2015 22:00;170
30.05.2015 22:00;170
31.05.2015 22:00;170
01.06.2015 22:00;163
02.06.2015 22:00;163
03.06.2015 22:00;163
04.06.2015 22:00;148
05.06.2015 22:00;148
06.06.2015 22:00;148
07.06.2015 22:00;148
08.06.2015 22:00;148
09.06.2015 22:00;148
10.06.2015 22:00;160
11.06.2015 22:00;160
12.06.2015 22:00;160
13.06.2015 22:00;160
14.06.2015 22:00;142
15.06.2015 22:00;142
16.06.2015 22:00;142
17.06.2015 22:00;128
18.06.2015 22:00;128
19.06.2015 22:00;128
20.06.2015 22:00;128
21.06.2015 22:00;132
22.06.2015 22:00;132
23.06.2015 22:00;132
24.06.2015 22:00;158
25.06.2015 22:00;158
26.06.2015 22:00;158
27.06.2015 22:00;158
28.06.2015 22:00;158
29.06.2015 22:00;158
30.06.2015 22:00;158
01.07.2015 22:00;180
02.07.2015 22:00;180
03.07.2015 22:00;180
04.07.2015 22:00;180
05.07.2015 22:00;180
06.07.2015 22:00;180
07.07.2015 22:00;168
08.07.2015 22:00;168
09.07.2015 22:00;168
10.07.2015 22:00;168
11.07.2015 22:00;168
12.07.2015 22:00;168
13.07.2015 22:00;168
14.07.2015 22:00;158
15.07.2015 22:00;158
16.07.2015 22:00;158
17.07.2015 22:00;158
18.07.2015 22:00;158
19.07.2015 22:00;158
20.07.2015 22:00;158
21.07.2015 22:00;158
22.07.2015 22:00;158
23.07.2015 22:00;158
24.07.2015 22:00;158
25.07.2015 22:00;158
26.07.2015 22:00;158
27.07.2015 22:00;158
28.07.2015 22:00;158
29.07.2015 22:00;158
30.07.2015 22:00;158
31.07.2015 22:00;158
01.08.2015 22:00;158
02.08.2015 22:00;158
03.08.2015 22:00;146
04.08.2015 22:00;146
05.08.2015 22:00;138
06.08.2015 22:00;138
07.08.2015 22:00;138
08.08.2015 22:00;138
09.08.2015 22:00;135
10.08.2015 22:00;130
11.08.2015 22:00;130
12.08.2015 22:00;164
13.08.2015 22:00;164
14.08.2015 22:00;164
15.08.2015 22:00;164
16.08.2015 22:00;187
17.08.2015 22:00;180
18.08.2015 22:00;180
19.08.2015 22:00;192
20.08.2015 22:00;192
21.08.2015 22:00;192
22.08.2015 22:00;192
23.08.2015 22:00;177
24.08.2015 22:00;178
25.08.2015 22:00;178
26.08.2015 22:00;178
27.08.2015 22:00;180
28.08.2015 22:00;180
29.08.2015 22:00;180
30.08.2015 22:00;195
31.08.2015 22:00;211
01.09.2015 22:00;211
02.09.2015 22:00;211
03.09.2015 22:00;211
04.09.2015 22:00;211
05.09.2015 22:00;211
06.09.2015 22:00;210
07.09.2015 22:00;194
08.09.2015 22:00;194
09.09.2015 22:00;212
10.09.2015 22:00;212
11.09.2015 22:00;212
12.09.2015 22:00;212
13.09.2015 22:00;219
14.09.2015 22:00;230
15.09.2015 22:00;230
16.09.2015 22:00;230
17.09.2015 22:00;230
18.09.2015 22:00;230
19.09.2015 22:00;230
20.09.2015 22:00;225
21.09.2015 22:00;224
22.09.2015 22:00;224
23.09.2015 22:00;224
24.09.2015 22:00;224
25.09.2015 22:00;224
26.09.2015 22:00;224
27.09.2015 22:00;224
28.09.2015 22:00;217
29.09.2015 22:00;217
30.09.2015 22:00;217
01.10.2015 22:00;217
02.10.2015 22:00;217
03.10.2015 22:00;217
04.10.2015 22:00;195
05.10.2015 22:00;201
06.10.2015 22:00;201
07.10.2015 22:00;201
08.10.2015 22:00;208
09.10.2015 22:00;208
10.10.2015 22:00;208
11.10.2015 22:00;222
12.10.2015 22:00;222
13.10.2015 22:00;222
14.10.2015 22:00;222
15.10.2015 22:00;222
16.10.2015 22:00;231
17.10.2015 22:00;231
18.10.2015 22:00;231
19.10.2015 22:00;247
20.10.2015 22:00;247
21.10.2015 22:00;256
22.10.2015 22:00;256
23.10.2015 22:00;256
24.10.2015 22:00;256
25.10.2015 23:00;251
26.10.2015 23:00;255
27.10.2015 23:00;255
28.10.2015 23:00;255
29.10.2015 23:00;255
30.10.2015 23:00;255
31.10.2015 23:00;255
01.11.2015 23:00;253
02.11.2015 23:00;253
03.11.2015 23:00;240
04.11.2015 23:00;210
05.11.2015 23:00;200
06.11.2015 23:00;190
07.11.2015 23:00;190
08.11.2015 23:00;190
09.11.2015 23:00;190
10.11.2015 23:00;190
11.11.2015 23:00;190
12.11.2015 23:00;210
13.11.2015 23:00;210
14.11.2015 23:00;210
15.11.2015 23:00;255
16.11.2015 23:00;252
17.11.2015 23:00;252
18.11.2015 23:00;245
19.11.2015 23:00;245
20.11.2015 23:00;245
21.11.2015 23:00;245
22.11.2015 23:00;245
23.11.2015 23:00;234
24.11.2015 23:00;234
25.11.2015 23:00;234
26.11.2015 23:00;234
27.11.2015 23:00;231
28.11.2015 23:00;231
29.11.2015 23:00;223
30.11.2015 23:00;229
01.12.2015 23:00;229
02.12.2015 23:00;229
03.12.2015 23:00;229
04.12.2015 23:00;229
05.12.2015 23:00;229
06.12.2015 23:00;230
07.12.2015 23:00;225
08.12.2015 23:00;225
09.12.2015 23:00;216
10.12.2015 23:00;216
11.12.2015 23:00;216
12.12.2015 23:00;216
13.12.2015 23:00;207
14.12.2015 23:00;207
15.12.2015 23:00;207
16.12.2015 23:00;207
17.12.2015 23:00;207
18.12.2015 23:00;207
19.12.2015 23:00;207
20.12.2015 23:00;190
21.12.2015 23:00;190
22.12.2015 23:00;190
23.12.2015 23:00;190
24.12.2015 23:00;190
25.12.2015 23:00;190
26.12.2015 23:00;190
27.12.2015 23:00;224
28.12.2015 23:00;224
29.12.2015 23:00;224
30.12.2015 23:00;224
31.12.2015 23:00;224
01.01.2016 23:00;224
02.01.2016 23:00;224
03.01.2016 23:00;224
04.01.2016 23:00;234
05.01.2016 23:00;216
06.01.2016 23:00;216
07.01.2016 23:00;238
08.01.2016 23:00;238
09.01.2016 23:00;238
10.01.2016 23:00;225
11.01.2016 23:00;218
12.01.2016 23:00;218
13.01.2016 23:00;214
14.01.2016 23:00;214
15.01.2016 23:00;217
16.01.2016 23:00;217
17.01.2016 23:00;218
18.01.2016 23:00;218
19.01.2016 23:00;218
20.01.2016 23:00;218
21.01.2016 23:00;218
22.01.2016 23:00;218
23.01.2016 23:00;218
24.01.2016 23:00;218
25.01.2016 23:00;201
26.01.2016 23:00;201
27.01.2016 23:00;201
28.01.2016 23:00;201
29.01.2016 23:00;201
30.01.2016 23:00;201
31.01.2016 23:00;202
01.02.2016 23:00;202
02.02.2016 23:00;202
03.02.2016 23:00;191
04.02.2016 23:00;191
05.02.2016 23:00;191
06.02.2016 23:00;191
07.02.2016 23:00;191
08.02.2016 23:00;191
09.02.2016 23:00;191
10.02.2016 23:00;190
11.02.2016 23:00;190
12.02.2016 23:00;190
13.02.2016 23:00;190
14.02.2016 23:00;171
15.02.2016 23:00;171
16.02.2016 23:00;171
17.02.2016 23:00;195
18.02.2016 23:00;195
19.02.2016 23:00;195
20.02.2016 23:00;195
21.02.2016 23:00;195
22.02.2016 23:00;195
23.02.2016 23:00;195
24.02.2016 23:00;195
25.02.2016 23:00;195
26.02.2016 23:00;195
27.02.2016 23:00;195
28.02.2016 23:00;191
29.02.2016 23:00;191
01.03.2016 23:00;191
02.03.2016 23:00;193
03.03.2016 23:00;193
04.03.2016 23:00;193
05.03.2016 23:00;193
06.03.2016 23:00;215
07.03.2016 23:00;221
08.03.2016 23:00;221
09.03.2016 23:00;235
10.03.2016 23:00;235
11.03.2016 23:00;235
12.03.2016 23:00;235
13.03.2016 23:00;250
14.03.2016 23:00;249
15.03.2016 23:00;249
16.03.2016 23:00;249
17.03.2016 23:00;249
18.03.2016 23:00;249
19.03.2016 23:00;249
20.03.2016 23:00;249
21.03.2016 23:00;234
22.03.2016 23:00;234
23.03.2016 23:00;234
24.03.2016 23:00;234
25.03.2016 23:00;234
26.03.2016 23:00;234
27.03.2016 22:00;234
28.03.2016 22:00;234
29.03.2016 22:00;234
30.03.2016 22:00;235
31.03.2016 22:00;235
01.04.2016 22:00;235
02.04.2016 22:00;235
03.04.2016 22:00;222
04.04.2016 22:00;222
05.04.2016 22:00;222
06.04.2016 22:00;218
07.04.2016 22:00;218
08.04.2016 22:00;218
09.04.2016 22:00;218
10.04.2016 22:00;218
11.04.2016 22:00;212
12.04.2016 22:00;200
13.04.2016 22:00;200
14.04.2016 22:00;200
15.04.2016 22:00;210
16.04.2016 22:00;210
17.04.2016 22:00;208
18.04.2016 22:00;208
19.04.2016 22:00;230
20.04.2016 22:00;230
21.04.2016 22:00;230
22.04.2016 22:00;230
23.04.2016 22:00;230
24.04.2016 22:00;220
25.04.2016 22:00;220
27.04.2016 22:00;220
28.04.2016 22:00;220
29.04.2016 22:00;220
30.04.2016 22:00;220
01.05.2016 22:00;224
02.05.2016 22:00;224
03.05.2016 22:00;224
04.05.2016 22:00;224
05.05.2016 22:00;224
06.05.2016 22:00;224
07.05.2016 22:00;224
08.05.2016 22:00;224
09.05.2016 22:00;224
10.05.2016 22:00;224
11.05.2016 22:00;224
12.05.2016 22:00;224
13.05.2016 22:00;224
14.05.2016 22:00;224
15.05.2016 22:00;224
16.05.2016 22:00;224
17.05.2016 22:00;199
18.05.2016 22:00;199
19.05.2016 22:00;199
20.05.2016 22:00;199
21.05.2016 22:00;199
22.05.2016 22:00;259
23.05.2016 22:00;259
24.05.2016 22:00;257
25.05.2016 22:00;257
26.05.2016 22:00;257
27.05.2016 22:00;257
28.05.2016 22:00;257
29.05.2016 22:00;257
30.05.2016 22:00;250
31.05.2016 22:00;250
01.06.2016 22:00;250
02.06.2016 22:00;250
03.06.2016 22:00;250
04.06.2016 22:00;250
05.06.2016 22:00;256
06.06.2016 22:00;269
07.06.2016 22:00;269
08.06.2016 22:00;263
09.06.2016 22:00;263
10.06.2016 22:00;263
11.06.2016 22:00;263
12.06.2016 22:00;257
13.06.2016 22:00;267
14.06.2016 22:00;267
15.06.2016 22:00;267
16.06.2016 22:00;267
17.06.2016 22:00;267
18.06.2016 22:00;267
19.06.2016 22:00;302
20.06.2016 22:00;296
21.06.2016 22:00;296
22.06.2016 22:00;296
23.06.2016 22:00;296
24.06.2016 22:00;296
25.06.2016 22:00;296
26.06.2016 22:00;296
27.06.2016 22:00;296
28.06.2016 22:00;296
29.06.2016 22:00;296
30.06.2016 22:00;296
01.07.2016 22:00;296
02.07.2016 22:00;296
03.07.2016 22:00;297
04.07.2016 22:00;288
05.07.2016 22:00;288
06.07.2016 22:00;296
07.07.2016 22:00;296
08.07.2016 22:00;296
09.07.2016 22:00;296
10.07.2016 22:00;300
11.07.2016 22:00;300
12.07.2016 22:00;300
13.07.2016 22:00;300
14.07.2016 22:00;300
15.07.2016 22:00;300
16.07.2016 22:00;300
17.07.2016 22:00;300
18.07.2016 22:00;300
19.07.2016 22:00;300
20.07.2016 22:00;300
21.07.2016 22:00;300
22.07.2016 22:00;300
23.07.2016 22:00;300
24.07.2016 22:00;312
25.07.2016 22:00;306
26.07.2016 22:00;306
27.07.2016 22:00;306
28.07.2016 22:00;306
29.07.2016 22:00;306
30.07.2016 22:00;306
31.07.2016 22:00;298
01.08.2016 22:00;298
02.08.2016 22:00;306
03.08.2016 22:00;306
04.08.2016 22:00;306
05.08.2016 22:00;306
06.08.2016 22:00;306
07.08.2016 22:00;306
08.08.2016 22:00;306
09.08.2016 22:00;297
10.08.2016 22:00;297
11.08.2016 22:00;297
12.08.2016 22:00;297
13.08.2016 22:00;297
14.08.2016 22:00;297
15.08.2016 22:00;292
16.08.2016 22:00;292
17.08.2016 22:00;292
18.08.2016 22:00;292
19.08.2016 22:00;292
20.08.2016 22:00;292
21.08.2016 22:00;293
22.08.2016 22:00;293
23.08.2016 22:00;293
24.08.2016 22:00;300
25.08.2016 22:00;300
26.08.2016 22:00;300
27.08.2016 22:00;300
28.08.2016 22:00;300
29.08.2016 22:00;290
30.08.2016 22:00;290
31.08.2016 22:00;290
01.09.2016 22:00;290
02.09.2016 22:00;290
03.09.2016 22:00;290
04.09.2016 22:00;261
05.09.2016 22:00;261
06.09.2016 22:00;261
07.09.2016 22:00;261
08.09.2016 22:00;261
09.09.2016 22:00;235
10.09.2016 22:00;235
11.09.2016 22:00;258
12.09.2016 22:00;263
13.09.2016 22:00;263
14.09.2016 22:00;264
15.09.2016 22:00;264
16.09.2016 22:00;264
17.09.2016 22:00;264
18.09.2016 22:00;264
19.09.2016 22:00;264
20.09.2016 22:00;264
21.09.2016 22:00;275
22.09.2016 22:00;275
23.09.2016 22:00;275
24.09.2016 22:00;275
25.09.2016 22:00;275
26.09.2016 22:00;275
27.09.2016 22:00;291
28.09.2016 22:00;299
29.09.2016 22:00;299
30.09.2016 22:00;299
01.10.2016 22:00;299
02.10.2016 22:00;314
03.10.2016 22:00;317
04.10.2016 22:00;317
05.10.2016 22:00;322
06.10.2016 22:00;322
07.10.2016 22:00;322
08.10.2016 22:00;322
09.10.2016 22:00;322
10.10.2016 22:00;344
11.10.2016 22:00;344
12.10.2016 22:00;356
13.10.2016 22:00;356
14.10.2016 22:00;356
15.10.2016 22:00;356
16.10.2016 22:00;356
17.10.2016 22:00;388
18.10.2016 22:00;388
19.10.2016 22:00;388
20.10.2016 22:00;388
21.10.2016 22:00;388
22.10.2016 22:00;388
23.10.2016 22:00;420
24.10.2016 22:00;436
25.10.2016 22:00;436
26.10.2016 22:00;436
27.10.2016 22:00;436
28.10.2016 22:00;436
29.10.2016 22:00;436
30.10.2016 23:00;460
31.10.2016 23:00;471
01.11.2016 23:00;471
02.11.2016 23:00;456
03.11.2016 23:00;456
04.11.2016 23:00;456
05.11.2016 23:00;456
06.11.2016 23:00;478
07.11.2016 23:00;451
08.11.2016 23:00;451
09.11.2016 23:00;451
10.11.2016 23:00;451
11.11.2016 23:00;452
12.11.2016 23:00;452
13.11.2016 23:00;449
14.11.2016 23:00;446
15.11.2016 23:00;446
16.11.2016 23:00;446
17.11.2016 23:00;446
18.11.2016 23:00;446
19.11.2016 23:00;446
20.11.2016 23:00;430
21.11.2016 23:00;436
22.11.2016 23:00;436
23.11.2016 23:00;436
24.11.2016 23:00;436
25.11.2016 23:00;436
26.11.2016 23:00;436
27.11.2016 23:00;405
28.11.2016 23:00;405
29.11.2016 23:00;405
30.11.2016 23:00;405
01.12.2016 23:00;347
02.12.2016 23:00;347
03.12.2016 23:00;347
04.12.2016 23:00;310
05.12.2016 23:00;315
06.12.2016 23:00;315
07.12.2016 23:00;200
08.12.2016 23:00;295
09.12.2016 23:00;295
10.12.2016 23:00;295
11.12.2016 23:00;270
12.12.2016 23:00;270
13.12.2016 23:00;285
14.12.2016 23:00;285
15.12.2016 23:00;285
16.12.2016 23:00;285
17.12.2016 23:00;285
18.12.2016 23:00;285
19.12.2016 23:00;293
20.12.2016 23:00;293
21.12.2016 23:00;293
22.12.2016 23:00;293
23.12.2016 23:00;293
24.12.2016 23:00;293
25.12.2016 23:00;293
26.12.2016 23:00;293
27.12.2016 23:00;290
28.12.2016 23:00;290
29.12.2016 23:00;290
30.12.2016 23:00;290
31.12.2016 23:00;290
01.01.2017 23:00;275
02.01.2017 23:00;290
03.01.2017 23:00;280
04.01.2017 23:00;280
05.01.2017 23:00;280
06.01.2017 23:00;280
07.01.2017 23:00;280
08.01.2017 23:00;271
09.01.2017 23:00;271
10.01.2017 23:00;278
11.01.2017 23:00;278
12.01.2017 23:00;278
13.01.2017 23:00;278
14.01.2017 23:00;278
15.01.2017 23:00;263
16.01.2017 23:00;241
17.01.2017 23:00;241
18.01.2017 23:00;241
19.01.2017 23:00;241
20.01.2017 23:00;241
21.01.2017 23:00;241
22.01.2017 23:00;242
23.01.2017 23:00;242
24.01.2017 23:00;242
25.01.2017 23:00;242
26.01.2017 23:00;242
27.01.2017 23:00;242
28.01.2017 23:00;242
29.01.2017 23:00;235
30.01.2017 23:00;253
31.01.2017 23:00;253
01.02.2017 23:00;253
02.02.2017 23:00;253
03.02.2017 23:00;253
04.02.2017 23:00;253
05.02.2017 23:00;253
06.02.2017 23:00;286
07.02.2017 23:00;286
08.02.2017 23:00;278
09.02.2017 23:00;278
10.02.2017 23:00;278
11.02.2017 23:00;278
12.02.2017 23:00;280
13.02.2017 23:00;274
14.02.2017 23:00;274
15.02.2017 23:00;274
16.02.2017 23:00;274
17.02.2017 23:00;274
18.02.2017 23:00;274
19.02.2017 23:00;274
20.02.2017 23:00;274
21.02.2017 23:00;274
22.02.2017 23:00;274
23.02.2017 23:00;274
24.02.2017 23:00;274
25.02.2017 23:00;274
26.02.2017 23:00;280
27.02.2017 23:00;288
28.02.2017 23:00;288
01.03.2017 23:00;288
02.03.2017 23:00;288
03.03.2017 23:00;288
04.03.2017 23:00;288
05.03.2017 23:00;288
06.03.2017 23:00;301
07.03.2017 23:00;301
08.03.2017 23:00;289
09.03.2017 23:00;289
10.03.2017 23:00;289
11.03.2017 23:00;289
12.03.2017 23:00;289
13.03.2017 23:00;289
14.03.2017 23:00;289
15.03.2017 23:00;289
16.03.2017 23:00;289
17.03.2017 23:00;289
18.03.2017 23:00;289
19.03.2017 23:00;302
20.03.2017 23:00;290
21.03.2017 23:00;290
22.03.2017 23:00;290
23.03.2017 23:00;290
24.03.2017 23:00;290
25.03.2017 23:00;290
26.03.2017 22:00;283
27.03.2017 22:00;250
28.03.2017 22:00;250
29.03.2017 22:00;250
30.03.2017 22:00;250
31.03.2017 22:00;250
01.04.2017 22:00;250
02.04.2017 22:00;260
03.04.2017 22:00;260
04.04.2017 22:00;260
05.04.2017 22:00;260
06.04.2017 22:00;260
07.04.2017 22:00;260
08.04.2017 22:00;260
09.04.2017 22:00;260
10.04.2017 22:00;260
11.04.2017 22:00;260
12.04.2017 22:00;260
13.04.2017 22:00;260
14.04.2017 22:00;260
15.04.2017 22:00;260
16.04.2017 22:00;260
17.04.2017 22:00;260
18.04.2017 22:00;260
19.04.2017 22:00;270
20.04.2017 22:00;270
21.04.2017 22:00;270
22.04.2017 22:00;270
23.04.2017 22:00;270
24.04.2017 22:00;270
25.04.2017 22:00;270
26.04.2017 22:00;270
27.04.2017 22:00;270
28.04.2017 22:00;270
29.04.2017 22:00;270
30.04.2017 22:00;270
01.05.2017 22:00;270
02.05.2017 22:00;270
03.05.2017 22:00;196
04.05.2017 22:00;196
05.05.2017 22:00;196
06.05.2017 22:00;196
07.05.2017 22:00;196
08.05.2017 22:00;217
09.05.2017 22:00;217
10.05.2017 22:00;217
11.05.2017 22:00;217
12.05.2017 22:00;217
13.05.2017 22:00;217
14.05.2017 22:00;217
15.05.2017 22:00;214
16.05.2017 22:00;214
17.05.2017 22:00;214
18.05.2017 22:00;214
19.05.2017 22:00;214
20.05.2017 22:00;214
21.05.2017 22:00;214
22.05.2017 22:00;214
23.05.2017 22:00;214
24.05.2017 22:00;214
25.05.2017 22:00;214
26.05.2017 22:00;214
27.05.2017 22:00;214
28.05.2017 22:00;214
29.05.2017 22:00;214
30.05.2017 22:00;199
31.05.2017 22:00;199
01.06.2017 22:00;199
02.06.2017 22:00;199
03.06.2017 22:00;199
04.06.2017 22:00;199
05.06.2017 22:00;199
06.06.2017 22:00;199
07.06.2017 22:00;199
08.06.2017 22:00;199
09.06.2017 22:00;199
10.06.2017 22:00;199
11.06.2017 22:00;199
12.06.2017 22:00;199
13.06.2017 22:00;199
14.06.2017 22:00;199
15.06.2017 22:00;199
16.06.2017 22:00;199
17.06.2017 22:00;199
18.06.2017 22:00;199
19.06.2017 22:00;199
20.06.2017 22:00;199
21.06.2017 22:00;199
22.06.2017 22:00;199
23.06.2017 22:00;199
24.06.2017 22:00;199
25.06.2017 22:00;199
26.06.2017 22:00;199
27.06.2017 22:00;199
28.06.2017 22:00;199
29.06.2017 22:00;270
30.06.2017 22:00;270
01.07.2017 22:00;270
02.07.2017 22:00;270
03.07.2017 22:00;270
04.07.2017 22:00;293
05.07.2017 22:00;293
06.07.2017 22:00;293
07.07.2017 22:00;293
08.07.2017 22:00;293
09.07.2017 22:00;293
10.07.2017 22:00;293
11.07.2017 22:00;293
12.07.2017 22:00;293
13.07.2017 22:00;293
14.07.2017 22:00;293
15.07.2017 22:00;293
16.07.2017 22:00;293
17.07.2017 22:00;293
18.07.2017 22:00;299
19.07.2017 22:00;299
20.07.2017 22:00;299
21.07.2017 22:00;299
22.07.2017 22:00;299
23.07.2017 22:00;296
24.07.2017 22:00;293
25.07.2017 22:00;293
26.07.2017 22:00;293
27.07.2017 22:00;293
28.07.2017 22:00;293
29.07.2017 22:00;293
30.07.2017 22:00;293
31.07.2017 22:00;293
01.08.2017 22:00;293
02.08.2017 22:00;293
03.08.2017 22:00;293
04.08.2017 22:00;293
05.08.2017 22:00;293
06.08.2017 22:00;293
07.08.2017 22:00;280
08.08.2017 22:00;280
09.08.2017 22:00;280
10.08.2017 22:00;280
11.08.2017 22:00;280
12.08.2017 22:00;280
13.08.2017 22:00;276
14.08.2017 22:00;276
15.08.2017 22:00;276
16.08.2017 22:00;276
17.08.2017 22:00;276
18.08.2017 22:00;276
19.08.2017 22:00;276
20.08.2017 22:00;276
21.08.2017 22:00;279
22.08.2017 22:00;279
23.08.2017 22:00;279
24.08.2017 22:00;270
25.08.2017 22:00;270
26.08.2017 22:00;270
27.08.2017 22:00;296
28.08.2017 22:00;320
29.08.2017 22:00;320
30.08.2017 22:00;350
31.08.2017 22:00;350
01.09.2017 22:00;350
02.09.2017 22:00;350
03.09.2017 22:00;400
04.09.2017 22:00;400
05.09.2017 22:00;400
06.09.2017 22:00;400
07.09.2017 22:00;400
08.09.2017 22:00;400
09.09.2017 22:00;400
10.09.2017 22:00;400
11.09.2017 22:00;450
12.09.2017 22:00;450
13.09.2017 22:00;450
14.09.2017 22:00;450
15.09.2017 22:00;450
16.09.2017 22:00;450
17.09.2017 22:00;450
18.09.2017 22:00;355
19.09.2017 22:00;355
20.09.2017 22:00;331
21.09.2017 22:00;340
22.09.2017 22:00;340
23.09.2017 22:00;340
24.09.2017 22:00;340
25.09.2017 22:00;340
26.09.2017 22:00;340
27.09.2017 22:00;340
28.09.2017 22:00;340
29.09.2017 22:00;340
30.09.2017 22:00;340
01.10.2017 22:00;325
02.10.2017 22:00;328
03.10.2017 22:00;328
04.10.2017 22:00;328
05.10.2017 22:00;328
06.10.2017 22:00;328
07.10.2017 22:00;328
08.10.2017 22:00;328
09.10.2017 22:00;302
10.10.2017 22:00;302
11.10.2017 22:00;310
12.10.2017 22:00;310
13.10.2017 22:00;310
14.10.2017 22:00;310
15.10.2017 22:00;307
16.10.2017 22:00;308
17.10.2017 22:00;315
18.10.2017 22:00;315
19.10.2017 22:00;315
20.10.2017 22:00;315
21.10.2017 22:00;315
22.10.2017 22:00;324
23.10.2017 22:00;324
24.10.2017 22:00;324
25.10.2017 22:00;324
26.10.2017 22:00;324
27.10.2017 22:00;324
28.10.2017 22:00;324
29.10.2017 23:00;324
30.10.2017 23:00;307
31.10.2017 23:00;307
01.11.2017 23:00;307
02.11.2017 23:00;264
03.11.2017 23:00;264
04.11.2017 23:00;264
05.11.2017 23:00;280
06.11.2017 23:00;280
07.11.2017 23:00;280
08.11.2017 23:00;280
09.11.2017 23:00;298
10.11.2017 23:00;298
11.11.2017 23:00;298
12.11.2017 23:00;323
13.11.2017 23:00;323
14.11.2017 23:00;323
15.11.2017 23:00;323
16.11.2017 23:00;323
17.11.2017 23:00;323
18.11.2017 23:00;323
19.11.2017 23:00;327
20.11.2017 23:00;327
21.11.2017 23:00;327
22.11.2017 23:00;327
23.11.2017 23:00;327
24.11.2017 23:00;327
25.11.2017 23:00;327
26.11.2017 23:00;327
27.11.2017 23:00;327
28.11.2017 23:00;327
29.11.2017 23:00;327
30.11.2017 23:00;327
01.12.2017 23:00;327
02.12.2017 23:00;327
03.12.2017 23:00;351
04.12.2017 23:00;351
05.12.2017 23:00;351
06.12.2017 23:00;351
07.12.2017 23:00;351
08.12.2017 23:00;351
09.12.2017 23:00;351
10.12.2017 23:00;336
11.12.2017 23:00;335
12.12.2017 23:00;335
13.12.2017 23:00;335
14.12.2017 23:00;335
15.12.2017 23:00;335
16.12.2017 23:00;335
17.12.2017 23:00;335
18.12.2017 23:00;314
19.12.2017 23:00;314
20.12.2017 23:00;314
21.12.2017 23:00;314
22.12.2017 23:00;314
23.12.2017 23:00;314
24.12.2017 23:00;314
25.12.2017 23:00;314
26.12.2017 23:00;314
27.12.2017 23:00;314
28.12.2017 23:00;324
29.12.2017 23:00;324
30.12.2017 23:00;324
31.12.2017 23:00;324
01.01.2018 23:00;324
02.01.2018 23:00;324
03.01.2018 23:00;324
04.01.2018 23:00;324
05.01.2018 23:00;324
06.01.2018 23:00;324
07.01.2018 23:00;317
08.01.2018 23:00;317
09.01.2018 23:00;317
10.01.2018 23:00;317
11.01.2018 23:00;317
12.01.2018 23:00;317
13.01.2018 23:00;317
14.01.2018 23:00;337
15.01.2018 23:00;328
16.01.2018 23:00;328
17.01.2018 23:00;328
18.01.2018 23:00;328
19.01.2018 23:00;328
20.01.2018 23:00;328
21.01.2018 23:00;323
22.01.2018 23:00;323
23.01.2018 23:00;323
24.01.2018 23:00;323
25.01.2018 23:00;326
26.01.2018 23:00;326
27.01.2018 23:00;326
28.01.2018 23:00;326
29.01.2018 23:00;326
30.01.2018 23:00;330
31.01.2018 23:00;330
01.02.2018 23:00;330
02.02.2018 23:00;330
03.02.2018 23:00;330
04.02.2018 23:00;344
05.02.2018 23:00;344
06.02.2018 23:00;344
07.02.2018 23:00;344
08.02.2018 23:00;344
09.02.2018 23:00;344
10.02.2018 23:00;344
11.02.2018 23:00;354
12.02.2018 23:00;350
13.02.2018 23:00;350
14.02.2018 23:00;360
15.02.2018 23:00;360
16.02.2018 23:00;360
17.02.2018 23:00;360
18.02.2018 23:00;360
19.02.2018 23:00;380
20.02.2018 23:00;380
21.02.2018 23:00;380
22.02.2018 23:00;380
23.02.2018 23:00;380
24.02.2018 23:00;380
25.02.2018 23:00;381
26.02.2018 23:00;381
27.02.2018 23:00;381
28.02.2018 23:00;381
01.03.2018 23:00;381
02.03.2018 23:00;381
03.03.2018 23:00;381
04.03.2018 23:00;363
05.03.2018 23:00;363
06.03.2018 23:00;363
07.03.2018 23:00;363
08.03.2018 23:00;369
09.03.2018 23:00;369
10.03.2018 23:00;369
11.03.2018 23:00;395
12.03.2018 23:00;406
13.03.2018 23:00;450
14.03.2018 23:00;450
15.03.2018 23:00;450
16.03.2018 23:00;450
17.03.2018 23:00;450
18.03.2018 23:00;430
19.03.2018 23:00;430
20.03.2018 23:00;430
21.03.2018 23:00;430
22.03.2018 23:00;415
23.03.2018 23:00;415
24.03.2018 23:00;415
25.03.2018 22:00;415
26.03.2018 22:00;415
27.03.2018 22:00;415
28.03.2018 22:00;415
29.03.2018 22:00;415
30.03.2018 22:00;415
31.03.2018 22:00;415
01.04.2018 22:00;415
02.04.2018 22:00;415
03.04.2018 22:00;415
04.04.2018 22:00;415
05.04.2018 22:00;440
06.04.2018 22:00;440
07.04.2018 22:00;440
08.04.2018 22:00;440
09.04.2018 22:00;440
10.04.2018 22:00;440
11.04.2018 22:00;440
12.04.2018 22:00;440
13.04.2018 22:00;440
14.04.2018 22:00;440
15.04.2018 22:00;440
16.04.2018 22:00;440
17.04.2018 22:00;440
18.04.2018 22:00;440
19.04.2018 22:00;440
20.04.2018 22:00;440
21.04.2018 22:00;440
22.04.2018 22:00;440
23.04.2018 22:00;440
24.04.2018 22:00;440
25.04.2018 22:00;440
26.04.2018 22:00;440
27.04.2018 22:00;440
28.04.2018 22:00;440
29.04.2018 22:00;440
30.04.2018 22:00;440
01.05.2018 22:00;440
02.05.2018 22:00;440
03.05.2018 22:00;440
04.05.2018 22:00;440
05.05.2018 22:00;440
06.05.2018 22:00;440
07.05.2018 22:00;440
08.05.2018 22:00;440
09.05.2018 22:00;440
10.05.2018 22:00;440
11.05.2018 22:00;440
12.05.2018 22:00;440
13.05.2018 22:00;440
14.05.2018 22:00;440
15.05.2018 22:00;440
16.05.2018 22:00;440
17.05.2018 22:00;440
18.05.2018 22:00;440
19.05.2018 22:00;440
20.05.2018 22:00;440
21.05.2018 22:00;440
22.05.2018 22:00;255
23.05.2018 22:00;255
24.05.2018 22:00;255
25.05.2018 22:00;255
26.05.2018 22:00;255
27.05.2018 22:00;392
28.05.2018 22:00;392
29.05.2018 22:00;427
30.05.2018 22:00;427
31.05.2018 22:00;427
01.06.2018 22:00;427
02.06.2018 22:00;427
03.06.2018 22:00;445
04.06.2018 22:00;469
05.06.2018 22:00;469
06.06.2018 22:00;469
07.06.2018 22:00;469
08.06.2018 22:00;469
09.06.2018 22:00;469
10.06.2018 22:00;469
11.06.2018 22:00;469
12.06.2018 22:00;469
13.06.2018 22:00;469
14.06.2018 22:00;469
15.06.2018 22:00;469
16.06.2018 22:00;469
17.06.2018 22:00;469
18.06.2018 22:00;469
19.06.2018 22:00;469
20.06.2018 22:00;469
21.06.2018 22:00;469
22.06.2018 22:00;469
23.06.2018 22:00;469
24.06.2018 22:00;469
25.06.2018 22:00;469
26.06.2018 22:00;481
27.06.2018 22:00;481
28.06.2018 22:00;481
29.06.2018 22:00;481
30.06.2018 22:00;481
01.07.2018 22:00;495
02.07.2018 22:00;540
03.07.2018 22:00;540
04.07.2018 22:00;540
05.07.2018 22:00;540
06.07.2018 22:00;540
07.07.2018 22:00;540
08.07.2018 22:00;540
09.07.2018 22:00;540
10.07.2018 22:00;540
11.07.2018 22:00;540
12.07.2018 22:00;540
13.07.2018 22:00;540
14.07.2018 22:00;540
15.07.2018 22:00;540
16.07.2018 22:00;540
17.07.2018 22:00;600
18.07.2018 22:00;600
19.07.2018 22:00;600
20.07.2018 22:00;600
21.07.2018 22:00;600
22.07.2018 22:00;600
23.07.2018 22:00;600
24.07.2018 22:00;600
25.07.2018 22:00;617
26.07.2018 22:00;617
27.07.2018 22:00;617
28.07.2018 22:00;617
29.07.2018 22:00;629
30.07.2018 22:00;629
31.07.2018 22:00;606
01.08.2018 22:00;606
02.08.2018 22:00;606
03.08.2018 22:00;606
04.08.2018 22:00;606
05.08.2018 22:00;609
06.08.2018 22:00;609
07.08.2018 22:00;609
08.08.2018 22:00;609
09.08.2018 22:00;609
10.08.2018 22:00;609
11.08.2018 22:00;609
12.08.2018 22:00;609
13.08.2018 22:00;609
14.08.2018 22:00;609
15.08.2018 22:00;609
16.08.2018 22:00;487
17.08.2018 22:00;487
18.08.2018 22:00;487
19.08.2018 22:00;483
20.08.2018 22:00;483
21.08.2018 22:00;483
22.08.2018 22:00;483
23.08.2018 22:00;483
24.08.2018 22:00;483
25.08.2018 22:00;483
26.08.2018 22:00;483
27.08.2018 22:00;483
28.08.2018 22:00;483
29.08.2018 22:00;526
30.08.2018 22:00;526
31.08.2018 22:00;526
01.09.2018 22:00;526
02.09.2018 22:00;560
03.09.2018 22:00;534
04.09.2018 22:00;534
05.09.2018 22:00;534
06.09.2018 22:00;534
07.09.2018 22:00;534
08.09.2018 22:00;534
09.09.2018 22:00;562
10.09.2018 22:00;610
11.09.2018 22:00;610
12.09.2018 22:00;610
13.09.2018 22:00;610
14.09.2018 22:00;610
15.09.2018 22:00;610
16.09.2018 22:00;610
17.09.2018 22:00;610
18.09.2018 22:00;610
19.09.2018 22:00;610
20.09.2018 22:00;534
21.09.2018 22:00;534
22.09.2018 22:00;534
23.09.2018 22:00;534
24.09.2018 22:00;403
25.09.2018 22:00;403
26.09.2018 22:00;403
27.09.2018 22:00;403
28.09.2018 22:00;403
29.09.2018 22:00;403
30.09.2018 22:00;100
01.10.2018 22:00;100
02.10.2018 22:00;100
03.10.2018 22:00;100
04.10.2018 22:00;100
05.10.2018 22:00;100
06.10.2018 22:00;100
07.10.2018 22:00;100
08.10.2018 22:00;100
09.10.2018 22:00;100
10.10.2018 22:00;100
11.10.2018 22:00;100
12.10.2018 22:00;100
13.10.2018 22:00;100
14.10.2018 22:00;100
15.10.2018 22:00;100
16.10.2018 22:00;100
17.10.2018 22:00;100
18.10.2018 22:00;100
19.10.2018 22:00;100
20.10.2018 22:00;100
21.10.2018 22:00;100
22.10.2018 22:00;100
23.10.2018 22:00;100
24.10.2018 22:00;100
25.10.2018 22:00;420
26.10.2018 22:00;420
27.10.2018 22:00;420
28.10.2018 23:00;434
29.10.2018 23:00;444
30.10.2018 23:00;444
31.10.2018 23:00;444
01.11.2018 23:00;444
02.11.2018 23:00;444
03.11.2018 23:00;444
04.11.2018 23:00;444
05.11.2018 23:00;434
06.11.2018 23:00;434
07.11.2018 23:00;434
08.11.2018 23:00;434
09.11.2018 23:00;434
10.11.2018 23:00;434
11.11.2018 23:00;492
12.11.2018 23:00;492
13.11.2018 23:00;506
14.11.2018 23:00;506
15.11.2018 23:00;506
16.11.2018 23:00;506
17.11.2018 23:00;506
18.11.2018 23:00;506
19.11.2018 23:00;506
20.11.2018 23:00;516
21.11.2018 23:00;516
22.11.2018 23:00;516
23.11.2018 23:00;516
24.11.2018 23:00;516
25.11.2018 23:00;513
26.11.2018 23:00;514
27.11.2018 23:00;511
28.11.2018 23:00;511
29.11.2018 23:00;511
30.11.2018 23:00;511
01.12.2018 23:00;511
02.12.2018 23:00;519
03.12.2018 23:00;519
04.12.2018 23:00;522
05.12.2018 23:00;522
06.12.2018 23:00;522
07.12.2018 23:00;522
08.12.2018 23:00;522
09.12.2018 23:00;504
10.12.2018 23:00;504
11.12.2018 23:00;504
12.12.2018 23:00;525
13.12.2018 23:00;525
14.12.2018 23:00;525
15.12.2018 23:00;525
16.12.2018 23:00;525
17.12.2018 23:00;580
18.12.2018 23:00;580
19.12.2018 23:00;580
20.12.2018 23:00;580
21.12.2018 23:00;580
22.12.2018 23:00;580
23.12.2018 23:00;580
24.12.2018 23:00;580
25.12.2018 23:00;580
26.12.2018 23:00;580
27.12.2018 23:00;580
28.12.2018 23:00;580
29.12.2018 23:00;580
30.12.2018 23:00;580
31.12.2018 23:00;580
01.01.2019 23:00;400
02.01.2019 23:00;400
03.01.2019 23:00;400
04.01.2019 23:00;400
05.01.2019 23:00;400
06.01.2019 23:00;520
07.01.2019 23:00;530
08.01.2019 23:00;530
09.01.2019 23:00;530
10.01.2019 23:00;520
11.01.2019 23:00;520
12.01.2019 23:00;520
13.01.2019 23:00;520
14.01.2019 23:00;554
15.01.2019 23:00;554
16.01.2019 23:00;554
17.01.2019 23:00;554
18.01.2019 23:00;554
19.01.2019 23:00;554
20.01.2019 23:00;544
21.01.2019 23:00;544
22.01.2019 23:00;544
23.01.2019 23:00;544
24.01.2019 23:00;544
25.01.2019 23:00;544
26.01.2019 23:00;544
27.01.2019 23:00;544
28.01.2019 23:00;544
29.01.2019 23:00;544
30.01.2019 23:00;516
31.01.2019 23:00;516
01.02.2019 23:00;516
02.02.2019 23:00;516
03.02.2019 23:00;516
04.02.2019 23:00;497
05.02.2019 23:00;497
06.02.2019 23:00;497
07.02.2019 23:00;497
08.02.2019 04:00;480
08.02.2019 23:00;497
09.02.2019 23:00;480
10.02.2019 23:00;480
11.02.2019 23:00;451
12.02.2019 23:00;451
13.02.2019 23:00;451
14.02.2019 23:00;451
15.02.2019 23:00;451
16.02.2019 23:00;451
17.02.2019 23:00;451
18.02.2019 23:00;451
19.02.2019 23:00;451
20.02.2019 23:00;412
21.02.2019 23:00;412
22.02.2019 23:00;412
23.02.2019 23:00;412
24.02.2019 23:00;412
25.02.2019 23:00;412
26.02.2019 23:00;412
27.02.2019 23:00;412
28.02.2019 23:00;380
01.03.2019 23:00;380
02.03.2019 23:00;380
03.03.2019 23:00;415
04.03.2019 23:00;415
05.03.2019 23:00;415
06.03.2019 23:00;420
07.03.2019 23:00;420
08.03.2019 23:00;420
09.03.2019 23:00;420
10.03.2019 23:00;420
11.03.2019 23:00;420
12.03.2019 23:00;420
13.03.2019 23:00;420
14.03.2019 23:00;420
15.03.2019 23:00;420
16.03.2019 23:00;420
17.03.2019 23:00;450
18.03.2019 23:00;438
19.03.2019 23:00;438
20.03.2019 23:00;417
21.03.2019 23:00;417
22.03.2019 23:00;417
23.03.2019 23:00;417
24.03.2019 23:00;417
25.03.2019 23:00;417
26.03.2019 23:00;415
27.03.2019 23:00;415
28.03.2019 23:00;415
29.03.2019 23:00;415
30.03.2019 23:00;415
31.03.2019 22:00;415
01.04.2019 22:00;410
02.04.2019 22:00;410
03.04.2019 22:00;400
04.04.2019 22:00;400
05.04.2019 22:00;400
06.04.2019 22:00;400
07.04.2019 22:00;400
08.04.2019 22:00;400
09.04.2019 22:00;431
10.04.2019 22:00;431
11.04.2019 22:00;431
12.04.2019 22:00;431
13.04.2019 22:00;431
14.04.2019 22:00;431
15.04.2019 22:00;431
16.04.2019 22:00;431
17.04.2019 22:00;431
18.04.2019 22:00;431
19.04.2019 22:00;431
20.04.2019 22:00;431
21.04.2019 22:00;431
22.04.2019 22:00;431
23.04.2019 22:00;514
24.04.2019 22:00;514
25.04.2019 22:00;514
26.04.2019 22:00;514
27.04.2019 22:00;514
28.04.2019 22:00;514
29.04.2019 22:00;331
30.04.2019 22:00;331
01.05.2019 22:00;331
02.05.2019 22:00;331
03.05.2019 22:00;331
04.05.2019 22:00;331
05.05.2019 22:00;331
06.05.2019 22:00;331
07.05.2019 22:00;331
08.05.2019 22:00;331
09.05.2019 22:00;419
10.05.2019 22:00;419
11.05.2019 22:00;419
12.05.2019 22:00;430
13.05.2019 22:00;430
14.05.2019 22:00;430
15.05.2019 22:00;430
16.05.2019 22:00;430
17.05.2019 22:00;430
18.05.2019 22:00;430
19.05.2019 22:00;430
20.05.2019 22:00;398
21.05.2019 22:00;398
22.05.2019 22:00;398
23.05.2019 22:00;398
24.05.2019 22:00;398
25.05.2019 22:00;398
26.05.2019 22:00;403
27.05.2019 22:00;403
28.05.2019 22:00;403
29.05.2019 22:00;403
30.05.2019 22:00;403
31.05.2019 22:00;403
01.06.2019 22:00;403
02.06.2019 22:00;403
03.06.2019 22:00;403
04.06.2019 22:00;403
05.06.2019 22:00;403
06.06.2019 22:00;403
07.06.2019 22:00;403
08.06.2019 22:00;403
09.06.2019 22:00;403
10.06.2019 22:00;369
11.06.2019 22:00;369
12.06.2019 22:00;369
13.06.2019 22:00;369
14.06.2019 22:00;369
15.06.2019 22:00;369
16.06.2019 22:00;369
17.06.2019 22:00;369
18.06.2019 22:00;376
19.06.2019 22:00;376
20.06.2019 22:00;376
21.06.2019 22:00;376
22.06.2019 22:00;376
23.06.2019 22:00;376
24.06.2019 22:00;376
25.06.2019 22:00;376
26.06.2019 22:00;395
27.06.2019 22:00;395
28.06.2019 22:00;395
29.06.2019 22:00;395
30.06.2019 22:00;395
01.07.2019 22:00;395
02.07.2019 22:00;395
03.07.2019 22:00;395
04.07.2019 22:00;395
05.07.2019 22:00;395
06.07.2019 22:00;395
07.07.2019 22:00;395
08.07.2019 22:00;395
09.07.2019 22:00;395
10.07.2019 22:00;395
11.07.2019 22:00;395
12.07.2019 22:00;395
13.07.2019 22:00;395
14.07.2019 22:00;446
15.07.2019 22:00;446
16.07.2019 22:00;445
17.07.2019 22:00;445
18.07.2019 22:00;445
19.07.2019 22:00;445
20.07.2019 22:00;445
21.07.2019 22:00;445
22.07.2019 22:00;445
23.07.2019 22:00;445
24.07.2019 22:00;445
25.07.2019 22:00;445
26.07.2019 22:00;445
27.07.2019 22:00;445
28.07.2019 22:00;445
29.07.2019 22:00;476
30.07.2019 22:00;476
31.07.2019 22:00;476
01.08.2019 22:00;476
02.08.2019 22:00;476
03.08.2019 22:00;476
04.08.2019 22:00;484
05.08.2019 22:00;484
06.08.2019 22:00;470
07.08.2019 22:00;470
08.08.2019 22:00;470
09.08.2019 22:00;470
10.08.2019 22:00;470
11.08.2019 22:00;470
12.08.2019 22:00;442
13.08.2019 22:00;442
14.08.2019 22:00;442
15.08.2019 22:00;442
16.08.2019 22:00;442
17.08.2019 22:00;442
18.08.2019 22:00;442
19.08.2019 22:00;429
20.08.2019 22:00;429
21.08.2019 22:00;429
22.08.2019 22:00;429
23.08.2019 22:00;429
24.08.2019 22:00;429
25.08.2019 22:00;429
26.08.2019 22:00;418
27.08.2019 22:00;418
28.08.2019 22:00;418
29.08.2019 22:00;418
30.08.2019 22:00;418
31.08.2019 22:00;443
01.09.2019 22:00;421
02.09.2019 22:00;421
03.09.2019 22:00;421
04.09.2019 22:00;421
05.09.2019 22:00;421
06.09.2019 22:00;421
07.09.2019 22:00;421
08.09.2019 22:00;421
09.09.2019 22:00;421
10.09.2019 22:00;407
11.09.2019 22:00;407
12.09.2019 22:00;407
13.09.2019 22:00;407
14.09.2019 22:00;407
15.09.2019 22:00;407
16.09.2019 22:00;407
17.09.2019 22:00;407
18.09.2019 22:00;347
19.09.2019 22:00;347
20.09.2019 22:00;320
21.09.2019 22:00;320
22.09.2019 22:00;355
23.09.2019 22:00;350
24.09.2019 22:00;350
25.09.2019 22:00;350
26.09.2019 22:00;342
27.09.2019 22:00;342
28.09.2019 22:00;342
29.09.2019 22:00;364
30.09.2019 22:00;364
01.10.2019 22:00;364
02.10.2019 22:00;364
03.10.2019 22:00;369
04.10.2019 22:00;369
05.10.2019 22:00;369
06.10.2019 22:00;389
07.10.2019 22:00;389
08.10.2019 22:00;389
09.10.2019 22:00;389
10.10.2019 22:00;389
11.10.2019 22:00;389
12.10.2019 22:00;389
13.10.2019 22:00;389
14.10.2019 22:00;389
15.10.2019 22:00;389
16.10.2019 22:00;425
17.10.2019 22:00;425
18.10.2019 22:00;425
19.10.2019 22:00;425
20.10.2019 22:00;425
21.10.2019 22:00;425
22.10.2019 22:00;425
23.10.2019 22:00;425
24.10.2019 22:00;445
25.10.2019 22:00;445
26.10.2019 22:00;445
27.10.2019 23:00;440
28.10.2019 23:00;440
29.10.2019 23:00;440
30.10.2019 23:00;440
31.10.2019 23:00;440
01.11.2019 23:00;440
02.11.2019 23:00;440
03.11.2019 23:00;444
04.11.2019 23:00;444
05.11.2019 23:00;457
06.11.2019 23:00;457
07.11.2019 23:00;457
08.11.2019 23:00;457
09.11.2019 23:00;457
10.11.2019 23:00;470
11.11.2019 23:00;487
12.11.2019 23:00;487
13.11.2019 23:00;487
14.11.2019 23:00;487
15.11.2019 23:00;487
16.11.2019 23:00;487
17.11.2019 23:00;525
18.11.2019 23:00;525
19.11.2019 23:00;525
20.11.2019 23:00;525
21.11.2019 23:00;525
22.11.2019 23:00;525
23.11.2019 23:00;525
24.11.2019 23:00;465
25.11.2019 23:00;456
26.11.2019 23:00;456
27.11.2019 23:00;456
28.11.2019 23:00;456
29.11.2019 23:00;456
30.11.2019 23:00;456
01.12.2019 23:00;465
02.12.2019 23:00;465
03.12.2019 23:00;465
04.12.2019 23:00;465
05.12.2019 23:00;465
06.12.2019 23:00;465
07.12.2019 23:00;465
08.12.2019 23:00;418
09.12.2019 23:00;418
10.12.2019 23:00;418
11.12.2019 23:00;418
12.12.2019 23:00;418
13.12.2019 23:00;418
14.12.2019 23:00;418
15.12.2019 23:00;418
16.12.2019 23:00;428
17.12.2019 23:00;428
18.12.2019 23:00;428
19.12.2019 23:00;428
20.12.2019 23:00;428
21.12.2019 23:00;428
22.12.2019 23:00;428
23.12.2019 23:00;428
24.12.2019 23:00;428
25.12.2019 23:00;428
26.12.2019 23:00;428
27.12.2019 23:00;428
28.12.2019 23:00;428
29.12.2019 23:00;428
30.12.2019 23:00;300
31.12.2019 23:00;300
01.01.2020 23:00;300
02.01.2020 23:00;0
03.01.2020 23:00;0
04.01.2020 23:00;0
05.01.2020 23:00;0
06.01.2020 23:00;264
07.01.2020 23:00;235
08.01.2020 23:00;235
09.01.2020 23:00;235
10.01.2020 23:00;265
11.01.2020 23:00;265
12.01.2020 23:00;265
13.01.2020 23:00;271
14.01.2020 23:00;271
15.01.2020 23:00;271
16.01.2020 23:00;271
17.01.2020 23:00;100
18.01.2020 23:00;100
19.01.2020 23:00;100
20.01.2020 23:00;100
21.01.2020 23:00;100
22.01.2020 23:00;100
23.01.2020 23:00;100
24.01.2020 23:00;100
25.01.2020 23:00;100
26.01.2020 23:00;200
27.01.2020 23:00;200
28.01.2020 23:00;200
29.01.2020 23:00;200
30.01.2020 23:00;200
31.01.2020 23:00;200
01.02.2020 23:00;200
02.02.2020 23:00;200
03.02.2020 23:00;200
04.02.2020 23:00;200
05.02.2020 23:00;167
06.02.2020 23:00;167
07.02.2020 23:00;167
08.02.2020 23:00;167
09.02.2020 23:00;167
10.02.2020 23:00;130
11.02.2020 23:00;130
12.02.2020 23:00;130
13.02.2020 23:00;130
14.02.2020 23:00;130
15.02.2020 23:00;130
16.02.2020 23:00;137
17.02.2020 23:00;137
18.02.2020 23:00;137
19.02.2020 23:00;137
20.02.2020 23:00;111
21.02.2020 23:00;111
22.02.2020 23:00;111
23.02.2020 23:00;111
24.02.2020 23:00;111
25.02.2020 23:00;140
26.02.2020 23:00;140
27.02.2020 23:00;140
28.02.2020 23:00;140
29.02.2020 23:00;140
01.03.2020 23:00;134
02.03.2020 23:00;134
03.03.2020 23:00;134
04.03.2020 23:00;124
05.03.2020 23:00;124
06.03.2020 23:00;124
07.03.2020 23:00;124
08.03.2020 23:00;114
09.03.2020 23:00;114
10.03.2020 23:00;100
11.03.2020 23:00;80
12.03.2020 23:00;80
13.03.2020 23:00;80
14.03.2020 23:00;80
15.03.2020 23:00;105
16.03.2020 23:00;105
17.03.2020 23:00;85
18.03.2020 23:00;85
19.03.2020 23:00;85
20.03.2020 23:00;85
21.03.2020 23:00;85
22.03.2020 23:00;85
23.03.2020 23:00;85
24.03.2020 23:00;85
25.03.2020 23:00;80
26.03.2020 23:00;70
27.03.2020 23:00;70
28.03.2020 23:00;70
29.03.2020 22:00;70
30.03.2020 22:00;60
31.03.2020 22:00;60
01.04.2020 22:00;52
02.04.2020 22:00;52
03.04.2020 22:00;52
04.04.2020 22:00;52
05.04.2020 22:00;52
06.04.2020 22:00;52
07.04.2020 22:00;52
08.04.2020 22:00;52
09.04.2020 22:00;52
10.04.2020 22:00;52
11.04.2020 22:00;52
12.04.2020 22:00;52
13.04.2020 22:00;47
14.04.2020 22:00;47
15.04.2020 22:00;47
16.04.2020 22:00;47
17.04.2020 22:00;47
18.04.2020 22:00;47
19.04.2020 22:00;47
20.04.2020 22:00;47
21.04.2020 22:00;47
22.04.2020 22:00;47
23.04.2020 22:00;47
24.04.2020 22:00;47
25.04.2020 22:00;47
26.04.2020 22:00;60
27.04.2020 22:00;60
28.04.2020 22:00;60
29.04.2020 22:00;60
30.04.2020 22:00;60
01.05.2020 22:00;60
02.05.2020 22:00;60
03.05.2020 22:00;60
04.05.2020 22:00;14
05.05.2020 22:00;14
06.05.2020 22:00;14
07.05.2020 22:00;14
08.05.2020 22:00;14
09.05.2020 22:00;14
10.05.2020 22:00;14
11.05.2020 22:00;14
12.05.2020 22:00;14
13.05.2020 22:00;14
14.05.2020 22:00;14
15.05.2020 22:00;14
16.05.2020 22:00;14
17.05.2020 22:00;14
18.05.2020 22:00;14
19.05.2020 22:00;14
20.05.2020 22:00;14
21.05.2020 22:00;14
22.05.2020 22:00;14
23.05.2020 22:00;14
24.05.2020 22:00;14
25.05.2020 22:00;14
26.05.2020 22:00;14
27.05.2020 22:00;14
28.05.2020 22:00;14
29.05.2020 22:00;14
30.05.2020 22:00;14
31.05.2020 22:00;14
01.06.2020 22:00;14
02.06.2020 22:00;14
03.06.2020 22:00;14
04.06.2020 22:00;14
05.06.2020 22:00;14
06.06.2020 22:00;14
07.06.2020 22:00;14
08.06.2020 22:00;14
09.06.2020 22:00;14
10.06.2020 22:00;14
11.06.2020 22:00;14
12.06.2020 22:00;14
13.06.2020 22:00;14
14.06.2020 22:00;14
15.06.2020 22:00;14
16.06.2020 22:00;14
17.06.2020 22:00;14
18.06.2020 22:00;14
19.06.2020 22:00;14
20.06.2020 22:00;14
21.06.2020 22:00;14
22.06.2020 22:00;14
23.06.2020 22:00;14
24.06.2020 22:00;14
25.06.2020 22:00;14
26.06.2020 22:00;14
27.06.2020 22:00;14
28.06.2020 22:00;14
29.06.2020 22:00;14
30.06.2020 22:00;14
01.07.2020 22:00;14
02.07.2020 22:00;14
03.07.2020 22:00;14
04.07.2020 22:00;14
05.07.2020 22:00;14
06.07.2020 22:00;14
07.07.2020 22:00;14
08.07.2020 22:00;14
09.07.2020 22:00;39
10.07.2020 22:00;39
11.07.2020 22:00;39
12.07.2020 22:00;39
13.07.2020 22:00;39
14.07.2020 22:00;39
15.07.2020 22:00;39
16.07.2020 22:00;39
17.07.2020 22:00;59
18.07.2020 22:00;59
19.07.2020 22:00;59
20.07.2020 22:00;59
21.07.2020 22:00;59
22.07.2020 22:00;59
23.07.2020 22:00;59
24.07.2020 22:00;59
25.07.2020 22:00;59
26.07.2020 22:00;59
27.07.2020 22:00;59
28.07.2020 22:00;59
29.07.2020 22:00;59
30.07.2020 22:00;59
31.07.2020 22:00;59
01.08.2020 22:00;59
02.08.2020 22:00;59
03.08.2020 22:00;35
04.08.2020 22:00;35
05.08.2020 22:00;35
06.08.2020 22:00;35
07.08.2020 22:00;35
08.08.2020 22:00;35
09.08.2020 22:00;35
10.08.2020 22:00;35
11.08.2020 22:00;62
12.08.2020 22:00;62
13.08.2020 22:00;62
14.08.2020 22:00;62
15.08.2020 22:00;62
16.08.2020 22:00;62
17.08.2020 22:00;111
18.08.2020 22:00;111
19.08.2020 22:00;111
20.08.2020 22:00;111
21.08.2020 22:00;111
22.08.2020 22:00;111
23.08.2020 22:00;100
24.08.2020 22:00;100
25.08.2020 22:00;100
26.08.2020 22:00;110
27.08.2020 22:00;110
28.08.2020 22:00;110
29.08.2020 22:00;110
30.08.2020 22:00;192
31.08.2020 22:00;180
01.09.2020 22:00;180
02.09.2020 22:00;180
03.09.2020 22:00;190
04.09.2020 22:00;190
05.09.2020 22:00;190
06.09.2020 22:00;190
07.09.2020 22:00;190
08.09.2020 22:00;190
09.09.2020 22:00;190
10.09.2020 22:00;190
11.09.2020 22:00;190
12.09.2020 22:00;190
13.09.2020 22:00;190
14.09.2020 22:00;252
15.09.2020 22:00;225
16.09.2020 22:00;225
17.09.2020 22:00;61
18.09.2020 22:00;61
19.09.2020 22:00;61
20.09.2020 22:00;61
21.09.2020 22:00;61
22.09.2020 22:00;20
23.09.2020 22:00;20
24.09.2020 22:00;30
25.09.2020 22:00;30
26.09.2020 22:00;30
27.09.2020 22:00;30
28.09.2020 22:00;54
29.09.2020 22:00;54
30.09.2020 22:00;54
01.10.2020 22:00;54
02.10.2020 22:00;54
03.10.2020 22:00;54
04.10.2020 22:00;54
05.10.2020 22:00;100
06.10.2020 22:00;100
07.10.2020 22:00;150
08.10.2020 22:00;150
09.10.2020 22:00;206
10.10.2020 22:00;206
11.10.2020 22:00;241
12.10.2020 22:00;266
13.10.2020 22:00;266
14.10.2020 22:00;266
15.10.2020 22:00;266
16.10.2020 22:00;266
17.10.2020 22:00;266
18.10.2020 22:00;266
19.10.2020 22:00;228
20.10.2020 22:00;228
22.10.2020 22:00;228
23.10.2020 22:00;228
24.10.2020 22:00;228
25.10.2020 23:00;228
26.10.2020 23:00;228
27.10.2020 23:00;228
28.10.2020 23:00;212
29.10.2020 23:00;212
30.10.2020 23:00;212
31.10.2020 23:00;212
01.11.2020 23:00;51
02.11.2020 23:00;71
03.11.2020 23:00;71
04.11.2020 23:00;71
05.11.2020 23:00;71
06.11.2020 23:00;71
07.11.2020 23:00;71
08.11.2020 23:00;52
09.11.2020 23:00;50
10.11.2020 23:00;50
11.11.2020 23:00;50
12.11.2020 23:00;50
13.11.2020 23:00;50
14.11.2020 23:00;50
15.11.2020 23:00;50
16.11.2020 23:00;50
17.11.2020 23:00;50
18.11.2020 23:00;50
19.11.2020 23:00;50
20.11.2020 23:00;50
21.11.2020 23:00;50
22.11.2020 23:00;50
23.11.2020 23:00;50
24.11.2020 23:00;50
25.11.2020 23:00;75
26.11.2020 23:00;110
27.11.2020 23:00;110
28.11.2020 23:00;110
29.11.2020 23:00;180
30.11.2020 23:00;180
01.12.2020 23:00;175
02.12.2020 23:00;175
03.12.2020 23:00;175
04.12.2020 23:00;175
05.12.2020 23:00;175
06.12.2020 23:00;165
07.12.2020 23:00;165
08.12.2020 23:00;165
09.12.2020 23:00;165
10.12.2020 23:00;165
11.12.2020 23:00;165
12.12.2020 23:00;165
13.12.2020 23:00;165
14.12.2020 23:00;195
15.12.2020 23:00;195
16.12.2020 23:00;195
17.12.2020 23:00;195
18.12.2020 23:00;195
19.12.2020 23:00;195
20.12.2020 23:00;195
21.12.2020 23:00;195
22.12.2020 23:00;195
24.12.2020 23:00;195
25.12.2020 23:00;195
26.12.2020 23:00;195
27.12.2020 23:00;195
28.12.2020 23:00;195
29.12.2020 23:00;195
30.12.2020 23:00;195
31.12.2020 23:00;195
01.01.2021 23:00;195
02.01.2021 23:00;195
03.01.2021 23:00;290
04.01.2021 23:00;334
05.01.2021 23:00;334
06.01.2021 23:00;334
07.01.2021 23:00;425
08.01.2021 23:00;425
09.01.2021 23:00;425
10.01.2021 23:00;510
11.01.2021 23:00;510
12.01.2021 23:00;510
13.01.2021 23:00;510
14.01.2021 23:00;510
15.01.2021 23:00;510
16.01.2021 23:00;510
17.01.2021 23:00;447
18.01.2021 23:00;455
19.01.2021 23:00;455
20.01.2021 23:00;455
21.01.2021 23:00;455
22.01.2021 23:00;455
23.01.2021 23:00;455
24.01.2021 23:00;458
25.01.2021 23:00;458
26.01.2021 23:00;458
27.01.2021 23:00;487
28.01.2021 23:00;487
29.01.2021 23:00;487
30.01.2021 23:00;487
31.01.2021 23:00;550
01.02.2021 23:00;550
02.02.2021 23:00;550
03.02.2021 23:00;550
04.02.2021 23:00;550
05.02.2021 23:00;550
06.02.2021 23:00;518
07.02.2021 23:00;518
08.02.2021 23:00;518
09.02.2021 23:00;518
10.02.2021 23:00;518
11.02.2021 23:00;518
12.02.2021 23:00;518
13.02.2021 23:00;518
14.02.2021 23:00;507
15.02.2021 23:00;430
16.02.2021 23:00;430
17.02.2021 23:00;430
18.02.2021 23:00;420
19.02.2021 23:00;420
20.02.2021 23:00;420
21.02.2021 23:00;420
22.02.2021 23:00;420
23.02.2021 23:00;420
24.02.2021 23:00;420
25.02.2021 23:00;365
26.02.2021 23:00;365
27.02.2021 23:00;365
28.02.2021 23:00;301
01.03.2021 23:00;301
02.03.2021 23:00;301
03.03.2021 23:00;301
04.03.2021 23:00;301
05.03.2021 23:00;301
06.03.2021 23:00;301
07.03.2021 23:00;270
08.03.2021 23:00;280
09.03.2021 23:00;280
10.03.2021 23:00;280
11.03.2021 23:00;280
12.03.2021 23:00;280
13.03.2021 23:00;280
14.03.2021 23:00;282
15.03.2021 23:00;282
16.03.2021 23:00;282
17.03.2021 23:00;282
18.03.2021 23:00;282
19.03.2021 23:00;282
20.03.2021 23:00;282
21.03.2021 23:00;250
22.03.2021 23:00;250
23.03.2021 23:00;250
24.03.2021 23:00;250
25.03.2021 23:00;250
26.03.2021 23:00;250
27.03.2021 23:00;250
28.03.2021 22:00;250
29.03.2021 22:00;250
30.03.2021 22:00;250
31.03.2021 22:00;250
01.04.2021 22:00;250
02.04.2021 22:00;250
03.04.2021 22:00;250
04.04.2021 22:00;250
05.04.2021 22:00;250
06.04.2021 22:00;245
07.04.2021 22:00;225
08.04.2021 22:00;225
09.04.2021 22:00;225
10.04.2021 22:00;225
11.04.2021 22:00;225
12.04.2021 22:00;225
13.04.2021 22:00;225
14.04.2021 22:00;225
15.04.2021 22:00;250
16.04.2021 22:00;250
17.04.2021 22:00;250
18.04.2021 22:00;310
19.04.2021 22:00;310
20.04.2021 22:00;310
21.04.2021 22:00;310
22.04.2021 22:00;310
23.04.2021 22:00;300
24.04.2021 22:00;300
25.04.2021 22:00;300
26.04.2021 22:00;300
27.04.2021 22:00;300
28.04.2021 22:00;300
29.04.2021 22:00;300
30.04.2021 22:00;300
01.05.2021 22:00;300
02.05.2021 22:00;300
03.05.2021 22:00;300
04.05.2021 22:00;300
05.05.2021 22:00;300
06.05.2021 22:00;300
07.05.2021 22:00;300
08.05.2021 22:00;300
09.05.2021 22:00;300
10.05.2021 22:00;300
11.05.2021 22:00;300
12.05.2021 22:00;300
13.05.2021 22:00;300
14.05.2021 22:00;300
15.05.2021 22:00;300
16.05.2021 22:00;300
17.05.2021 22:00;300
18.05.2021 22:00;281
19.05.2021 22:00;281
20.05.2021 22:00;281
21.05.2021 22:00;281
22.05.2021 22:00;281
23.05.2021 22:00;281
24.05.2021 22:00;348
25.05.2021 22:00;348
26.05.2021 22:00;348
27.05.2021 22:00;348
28.05.2021 22:00;348
29.05.2021 22:00;348
30.05.2021 22:00;388
31.05.2021 22:00;388
01.06.2021 22:00;388
02.06.2021 22:00;388
03.06.2021 22:00;388
04.06.2021 22:00;388
05.06.2021 22:00;388
06.06.2021 22:00;388
07.06.2021 22:00;373
08.06.2021 22:00;373
09.06.2021 22:00;373
10.06.2021 22:00;373
11.06.2021 22:00;373
12.06.2021 22:00;373
13.06.2021 22:00;373
14.06.2021 22:00;427
15.06.2021 22:00;427
16.06.2021 22:00;427
17.06.2021 22:00;427
18.06.2021 22:00;427
19.06.2021 22:00;427
20.06.2021 22:00;427
21.06.2021 22:00;435
22.06.2021 22:00;435
23.06.2021 22:00;435
24.06.2021 22:00;435
25.06.2021 22:00;435
26.06.2021 22:00;435
27.06.2021 22:00;435
28.06.2021 22:00;435
29.06.2021 22:00;479
30.06.2021 22:00;479
01.07.2021 22:00;479
02.07.2021 22:00;479
03.07.2021 22:00;479
04.07.2021 22:00;479
05.07.2021 22:00;603
06.07.2021 22:00;603
07.07.2021 22:00;603
08.07.2021 22:00;603
09.07.2021 22:00;603
10.07.2021 22:00;603
11.07.2021 22:00;603
12.07.2021 22:00;661
13.07.2021 22:00;661
14.07.2021 22:00;661
15.07.2021 22:00;661
16.07.2021 22:00;661
17.07.2021 22:00;661
18.07.2021 22:00;661
19.07.2021 22:00;624
20.07.2021 22:00;624
21.07.2021 22:00;624
22.07.2021 22:00;624
23.07.2021 22:00;624
24.07.2021 22:00;624
25.07.2021 22:00;624
26.07.2021 22:00;624
27.07.2021 22:00;624
28.07.2021 22:00;624
29.07.2021 22:00;624
30.07.2021 22:00;624
31.07.2021 22:00;624
01.08.2021 22:00;624
02.08.2021 22:00;624
03.08.2021 22:00;624
04.08.2021 22:00;624
05.08.2021 22:00;624
06.08.2021 22:00;624
07.08.2021 22:00;624
08.08.2021 22:00;624
09.08.2021 22:00;800
10.08.2021 22:00;800
11.08.2021 22:00;800
12.08.2021 22:00;800
13.08.2021 22:00;800
14.08.2021 22:00;800
15.08.2021 22:00;800
16.08.2021 22:00;818
17.08.2021 22:00;818
18.08.2021 22:00;818
19.08.2021 22:00;630
20.08.2021 22:00;630
21.08.2021 22:00;630
22.08.2021 22:00;600
23.08.2021 22:00;600
24.08.2021 22:00;600
25.08.2021 22:00;600
26.08.2021 22:00;680
27.08.2021 22:00;680
28.08.2021 22:00;680
29.08.2021 22:00;710
30.08.2021 22:00;730
31.08.2021 22:00;730
01.09.2021 22:00;730
02.09.2021 22:00;730
03.09.2021 22:00;730
04.09.2021 22:00;730
05.09.2021 22:00;730
06.09.2021 22:00;670
07.09.2021 22:00;670
08.09.2021 22:00;670
09.09.2021 22:00;30
10.09.2021 22:00;673
11.09.2021 22:00;673
12.09.2021 22:00;500
13.09.2021 22:00;570
14.09.2021 22:00;570
15.09.2021 22:00;570
16.09.2021 22:00;570
17.09.2021 22:00;570
18.09.2021 22:00;570
19.09.2021 22:00;764
20.09.2021 22:00;758
21.09.2021 22:00;758
22.09.2021 22:00;758
23.09.2021 22:00;758
24.09.2021 22:00;758
25.09.2021 22:00;758
26.09.2021 22:00;758
27.09.2021 22:00;572
28.09.2021 22:00;572
29.09.2021 22:00;572
30.09.2021 22:00;572
01.10.2021 22:00;572
02.10.2021 22:00;572
03.10.2021 22:00;590
04.10.2021 22:00;590
05.10.2021 22:00;590
06.10.2021 22:00;590
07.10.2021 22:00;520
08.10.2021 22:00;520
09.10.2021 22:00;520
10.10.2021 22:00;480
11.10.2021 22:00;370
12.10.2021 22:00;30
13.10.2021 22:00;30
14.10.2021 22:00;30
15.10.2021 22:00;30
16.10.2021 22:00;30
17.10.2021 22:00;30
18.10.2021 22:00;30
19.10.2021 22:00;30
20.10.2021 22:00;30
21.10.2021 22:00;30
22.10.2021 22:00;30
23.10.2021 22:00;30
24.10.2021 22:00;140
25.10.2021 22:00;140
26.10.2021 22:00;160
27.10.2021 22:00;160
28.10.2021 22:00;170
29.10.2021 22:00;170
30.10.2021 22:00;170
31.10.2021 23:00;170
01.11.2021 23:00;240
02.11.2021 23:00;240
03.11.2021 23:00;240
04.11.2021 23:00;240
05.11.2021 23:00;240
06.11.2021 23:00;240
07.11.2021 23:00;210
08.11.2021 23:00;210
09.11.2021 23:00;210
10.11.2021 23:00;210
11.11.2021 23:00;150
12.11.2021 23:00;150
13.11.2021 23:00;150
14.11.2021 23:00;150
15.11.2021 23:00;180
16.11.2021 23:00;180
17.11.2021 23:00;180
18.11.2021 23:00;180
19.11.2021 23:00;180
20.11.2021 23:00;180
21.11.2021 23:00;180
22.11.2021 23:00;60
23.11.2021 23:00;60
24.11.2021 23:00;60
25.11.2021 23:00;260
26.11.2021 23:00;260
27.11.2021 23:00;260
28.11.2021 23:00;260
29.11.2021 23:00;260
30.11.2021 23:00;450
01.12.2021 23:00;450
02.12.2021 23:00;450
03.12.2021 23:00;450
04.12.2021 23:00;450
05.12.2021 23:00;580
06.12.2021 23:00;780
07.12.2021 23:00;780
08.12.2021 23:00;780
09.12.2021 23:00;750
10.12.2021 23:00;750
11.12.2021 23:00;750
12.12.2021 23:00;750
13.12.2021 23:00;608
14.12.2021 23:00;608
15.12.2021 23:00;608
16.12.2021 23:00;608
17.12.2021 23:00;608
18.12.2021 23:00;608
19.12.2021 23:00;560
20.12.2021 23:00;650
21.12.2021 23:00;650
22.12.2021 23:00;650
23.12.2021 23:00;650
24.12.2021 23:00;650
25.12.2021 23:00;650
26.12.2021 23:00;650
27.12.2021 23:00;650
28.12.2021 23:00;670
29.12.2021 23:00;670
30.12.2021 23:00;670
31.12.2021 23:00;670
01.01.2022 23:00;670
02.01.2022 23:00;600
03.01.2022 23:00;509
04.01.2022 23:00;509
05.01.2022 23:00;509
06.01.2022 23:00;509
07.01.2022 23:00;509
08.01.2022 23:00;509
09.01.2022 23:00;380
10.01.2022 23:00;380
11.01.2022 23:00;380
12.01.2022 23:00;190
13.01.2022 23:00;381
14.01.2022 23:00;381
15.01.2022 23:00;381
16.01.2022 23:00;270
17.01.2022 23:00;190
18.01.2022 23:00;190
19.01.2022 23:00;60
20.01.2022 23:00;60
21.01.2022 23:00;60
22.01.2022 23:00;60
23.01.2022 23:00;60
24.01.2022 23:00;60
25.01.2022 23:00;60
26.01.2022 23:00;160
27.01.2022 23:00;170
28.01.2022 23:00;170
29.01.2022 23:00;170
30.01.2022 23:00;170
31.01.2022 23:00;170
01.02.2022 23:00;170
02.02.2022 23:00;170
03.02.2022 23:00;170
04.02.2022 23:00;170
05.02.2022 23:00;170
06.02.2022 23:00;170
07.02.2022 23:00;170
08.02.2022 23:00;150
09.02.2022 23:00;150
10.02.2022 23:00;150
11.02.2022 23:00;150
12.02.2022 23:00;150
13.02.2022 23:00;130
14.02.2022 23:00;130
15.02.2022 23:00;130
16.02.2022 23:00;130
17.02.2022 23:00;130
18.02.2022 23:00;130
19.02.2022 23:00;130
20.02.2022 23:00;130
21.02.2022 23:00;130
22.02.2022 23:00;130
23.02.2022 23:00;130
24.02.2022 23:00;130
25.02.2022 23:00;130
26.02.2022 23:00;130
27.02.2022 23:00;130
28.02.2022 23:00;160
01.03.2022 23:00;160
02.03.2022 23:00;160
03.03.2022 23:00;160
04.03.2022 23:00;160
05.03.2022 23:00;160
06.03.2022 23:00;195
07.03.2022 23:00;195
08.03.2022 23:00;195
09.03.2022 23:00;195
10.03.2022 23:00;195
11.03.2022 23:00;195
12.03.2022 23:00;195
13.03.2022 23:00;150
14.03.2022 23:00;150
15.03.2022 23:00;150
16.03.2022 23:00;135
18.03.2022 23:00;135
19.03.2022 23:00;135
24.03.2022 23:00;60
25.03.2022 23:00;60
26.03.2022 23:00;60
01.04.2022 22:00;60
02.04.2022 22:00;60
03.04.2022 22:00;60
05.04.2022 22:00;80
08.04.2022 22:00;80
09.04.2022 22:00;80
10.04.2022 22:00;80
11.04.2022 22:00;80
12.04.2022 22:00;80
13.04.2022 22:00;80
14.04.2022 22:00;80
15.04.2022 22:00;80
16.04.2022 22:00;80
17.04.2022 22:00;80
18.04.2022 22:00;250
22.04.2022 22:00;250
23.04.2022 22:00;250
26.04.2022 22:00;260
29.04.2022 22:00;260
30.04.2022 22:00;260
01.05.2022 22:00;260
05.05.2022 22:00;260
06.05.2022 22:00;260
07.05.2022 22:00;260
13.05.2022 22:00;260
14.05.2022 22:00;260
15.05.2022 22:00;260
16.05.2022 22:00;260
17.05.2022 22:00;260
20.05.2022 22:00;260
23.05.2022 22:00;84
25.05.2022 22:00;84
27.05.2022 22:00;84
28.05.2022 22:00;84
01.06.2022 22:00;400
03.06.2022 22:00;400
07.06.2022 22:00;308
12.06.2022 22:00;255
15.06.2022 22:00;255
16.06.2022 22:00;255
17.06.2022 22:00;255
18.06.2022 22:00;255
21.06.2022 22:00;272
26.06.2022 22:00;272
28.06.2022 22:00;164
05.07.2022 22:00;120
08.07.2022 22:00;120
09.07.2022 22:00;120
10.07.2022 22:00;120
11.07.2022 22:00;120
15.07.2022 22:00;120
24.07.2022 22:00;30
26.07.2022 22:00;30
27.07.2022 22:00;30
06.08.2022 22:00;30
07.08.2022 22:00;30
09.08.2022 22:00;30
10.08.2022 22:00;30
11.08.2022 22:00;30
18.08.2022 22:00;50
19.08.2022 22:00;50
20.08.2022 22:00;50
21.08.2022 22:00;220
22.08.2022 22:00;260
24.08.2022 22:00;260
26.08.2022 22:00;260
28.08.2022 22:00;225
29.08.2022 22:00;348
31.08.2022 22:00;420
01.09.2022 22:00;550
04.09.2022 22:00;1180
09.09.2022 22:00;1179
11.09.2022 22:00;1179
12.09.2022 22:00;1179
18.09.2022 22:00;800
25.09.2022 22:00;1069
01.10.2022 22:00;1069
02.10.2022 22:00;1091
09.10.2022 22:00;850
10.10.2022 22:00;850
11.10.2022 22:00;850
16.10.2022 22:00;700
20.10.2022 22:00;700
21.10.2022 22:00;700
22.10.2022 22:00;644
24.10.2022 22:00;644
27.10.2022 22:00;671
03.11.2022 23:00;670
06.11.2022 23:00;639
10.11.2022 23:00;639
13.11.2022 23:00;350
17.11.2022 23:00;400
20.11.2022 23:00;724
21.11.2022 23:00;724
27.11.2022 23:00;1762
30.11.2022 23:00;1762
01.12.2022 23:00;1762
04.12.2022 23:00;2028
08.12.2022 23:00;2159
15.12.2022 23:00;1560
18.12.2022 23:00;1461
19.12.2022 23:00;1461
